id,domain,status,purchase_price,renewal_price,attractiveness,demand,length,registrar,created_at,expires_at,status_verified_at
2792fc23-29f3-4e92-ae12-ccc027659a00,ascertain.osaka,available,26.68,26.88,high,low,9,porkbun,,,02/10/2026 17:12
c57bd17c-37e7-4727-a5a0-e8fdb2477a61,quash.osaka,available,32.98,41.98,medium,low,5,namecheap,,,13/09/2026 06:42
6d586d75-5538-44d4-a7d9-675eb2a55ed3,foreign.osaka,available,32.98,41.98,high,low,7,namecheap,,,27/09/2026 06:58
19c39ac5-e9c7-499f-9b7e-3bce8a8131a9,patois.osaka,available,32.98,41.98,medium,low,6,namecheap,,,13/09/2026 04:15
c101b1ff-42f0-48ef-a16b-b80c31c4c105,fillmore.osaka,available,26.97,26.97,medium,low,8,dynadot,,,03/10/2026 00:44
0ca3469e-2107-4cb1-a3c6-42365559da2b,mrs.osaka,available,32.98,41.98,high,low,3,namecheap,,,25/09/2026 09:30
6de57cd0-62fc-4fe1-be9e-56bddb00e580,banish.osaka,available,32.98,41.98,high,low,6,namecheap,,,24/09/2026 01:57
be794aa8-4b82-45ec-95b9-4bece4bb06c7,cva.osaka,available,32.98,41.98,medium,low,3,namecheap,,,19/09/2026 19:12
c0147345-bbaa-459b-a0f9-9b0b90d7c3f4,chordate.osaka,available,32.98,41.98,medium,low,8,namecheap,,,12/08/2026 07:12
7c501154-40d2-4dbc-8842-a9c5d5876169,sedation.osaka,available,32.98,41.98,medium,low,8,namecheap,,,01/10/2026 01:49
b6e61ff1-3254-4fb1-bf0f-251022f63a53,gita.osaka,available,32.98,41.98,medium,low,4,namecheap,,,23/09/2026 12:33
1e5248b6-5014-459b-9255-1d7b7daeadb1,absent.osaka,available,32.98,41.98,high,low,6,namecheap,,,21/09/2026 14:37
b6c87f94-53c9-4ffd-895b-6568a402b54d,blazer.osaka,available,39.99,39.99,high,low,6,name.com,,,24/09/2026 05:03
ecd4fd65-4969-4535-b43f-4ea9d02acc89,edentulous.osaka,available,32.98,41.98,medium,low,10,namecheap,,,15/08/2026 08:36
080a4d92-2284-477b-b646-37a07feeaa77,sedulous.osaka,available,32.98,41.98,medium,low,8,namecheap,,,07/08/2026 06:14
56a3f533-af31-401f-bf9d-ce3cf00babd0,hans.osaka,available,32.98,41.98,high,low,4,namecheap,,,01/10/2026 11:24
72470f42-7077-43ba-9234-780abd844df1,riemannian.osaka,available,32.98,41.98,medium,low,10,namecheap,,,09/09/2026 17:21
95fda78e-62d3-4d9c-aa20-df374500d7ee,ignoble.osaka,available,32.98,41.98,medium,low,7,namecheap,,,21/08/2026 18:23
1379af52-b22f-49a7-b4e2-4d594f6da9cb,analects.osaka,available,39.99,39.99,medium,low,8,name.com,,,19/09/2026 01:48
8c783ae4-01d3-4ea9-a66b-c3d162ba9820,lenny.osaka,available,32.98,41.98,medium,low,5,namecheap,,,28/09/2026 18:21
24065cd8-1d05-4de5-8873-36726e550322,observing.osaka,available,32.98,41.98,high,low,9,namecheap,,,04/09/2026 00:01
461dde56-b0b4-4264-8780-9abc63c1ef19,samar.osaka,available,26.97,26.97,medium,low,5,dynadot,,,01/10/2026 08:32
55d1723a-57b1-4615-a421-742e951481d8,chaves.osaka,available,32.98,41.98,medium,low,6,namecheap,,,02/10/2026 00:42
d70c2300-d1cf-4aec-8f8b-fc8a3b12cc7c,dday.osaka,available,32.98,41.98,high,low,5,namecheap,,,16/09/2026 12:39
58f9597b-5653-491c-8d97-a363d4edc027,uttermost.osaka,available,32.98,41.98,high,low,9,namecheap,,,17/08/2026 22:44
eacabd8a-cef4-4b85-94c6-f9629046d16b,dropping.osaka,available,32.98,41.98,high,low,8,namecheap,,,14/08/2026 19:47
63473a60-d19a-4a48-b826-c27e27afee79,guise.osaka,available,26.97,26.97,medium,low,5,dynadot,,,03/10/2026 01:03
8d87ceed-65c2-4c79-92e7-608c086f2f76,leading.osaka,available,32.98,41.98,high,low,7,namecheap,,,02/10/2026 07:26
bff6aeae-fa9e-49a0-b779-19e6b49d6eb4,unionized.osaka,available,32.98,41.98,medium,low,9,namecheap,,,03/09/2026 19:29
1948b615-c5c8-459e-a18d-740f4242d26b,westmoreland.osaka,available,32.98,41.98,high,low,12,namecheap,,,28/09/2026 04:13
287cb1ae-6966-41a5-8350-dbe90e390fd4,amundsen.osaka,available,32.98,41.98,medium,low,8,namecheap,,,19/09/2026 00:12
75d7e21a-adc2-43da-ba5f-a8d9d7482c44,gunner.osaka,available,32.98,41.98,high,low,6,namecheap,,,20/09/2026 11:48
37ba9806-5fb0-4e61-a393-06da1ad377be,panchayat.osaka,available,26.97,26.97,high,low,9,dynadot,,,30/09/2026 02:26
77918249-dad9-4934-9323-68552932bff0,surely.osaka,available,32.98,41.98,high,low,6,namecheap,,,24/09/2026 20:56
e161cf3c-97f3-4c4c-96ca-4988fb5c57ad,greek.osaka,available,32.98,41.98,high,low,5,namecheap,,,08/09/2026 07:29
625201cd-303d-4ddc-893c-ae01401b3bb8,atticus.osaka,available,32.98,41.98,high,low,7,namecheap,,,21/09/2026 01:46
efedb35a-e9f5-410a-bfd8-9acc85b3a2b8,endings.osaka,available,32.98,41.98,medium,low,7,namecheap,,,29/09/2026 17:30
99685664-652c-4c55-a08b-cdce88fa68ce,novgorod.osaka,available,26.97,26.97,medium,low,8,dynadot,,,28/09/2026 10:35
bbdfafa8-7873-4576-86d2-328dbbfd23e3,sands.osaka,available,32.98,41.98,high,low,5,namecheap,,,24/08/2026 07:38
d3cfa268-15a5-4934-8bac-511ba3eabada,nought.osaka,available,32.98,41.98,high,low,6,namecheap,,,21/09/2026 10:34
663b81e3-0c4e-4c55-863a-ffa8e0a53790,storming.osaka,available,26.68,26.88,medium,low,8,porkbun,,,02/10/2026 07:28
82b94ef5-af14-4ec9-8475-50967e30f1a3,fiscal.osaka,available,32.98,41.98,high,low,6,namecheap,,,19/09/2026 10:22
29cacfb6-d2fe-4415-bb86-53a1bc67d36d,annotator.osaka,available,32.98,41.98,high,low,9,namecheap,,,19/09/2026 10:48
5c12dcc0-8c4a-46ce-89ac-5b93b24d7556,alveolus.osaka,available,32.98,41.98,medium,low,8,namecheap,,,17/09/2026 22:03
1056ea56-efda-4d3f-b003-c1094cd53c64,siegfried.osaka,available,32.98,41.98,high,low,9,namecheap,,,30/09/2026 02:51
8c584be8-27c9-49fa-b2e6-69bc68680559,reno.osaka,available,26.97,26.97,high,low,4,dynadot,,,28/09/2026 06:40
4b6d0bc3-6bf8-4b01-b7c3-eee771b48b5e,bark.osaka,available,32.98,41.98,high,low,4,namecheap,,,22/09/2026 06:15
42dd1f7c-0a84-457d-aca5-a4e6e1ff5bbc,correspondent.osaka,available,26.68,26.88,medium,low,13,porkbun,,,29/09/2026 03:16
31204b4a-dc45-4b21-8892-d1b5d109f74b,goods.osaka,available,32.98,41.98,high,low,5,namecheap,,,02/10/2026 16:24
5f58d52c-d1a9-4492-9d10-dca86ed7c92d,isbn.osaka,available,26.68,26.88,high,low,4,porkbun,,,30/09/2026 21:36
0882d516-2cb5-4375-a020-2e64f6d2d026,crypt.osaka,available,32.98,41.98,high,low,5,namecheap,,,24/09/2026 19:58
5ff7d102-5db5-4c5e-a7fd-4276feb594ee,cite.osaka,available,26.68,26.88,high,low,4,porkbun,,,01/10/2026 18:58
eba6d218-0422-4967-9d74-372fc9befcf6,julien.osaka,available,32.98,41.98,high,low,6,namecheap,,,28/09/2026 03:56
25c97dfa-db56-4398-bfb1-113b65e3c593,winfred.osaka,available,32.98,41.98,medium,low,7,namecheap,,,19/09/2026 19:23
21a024e6-9ba2-4fdd-957a-24cfbda2dd92,absently.osaka,available,32.98,41.98,medium,low,8,namecheap,,,13/09/2026 16:41
4d5d3bba-42c1-4887-a86e-37a4a2a8efc3,uncaused.osaka,available,32.98,41.98,medium,low,8,namecheap,,,18/08/2026 12:45
31392c3d-0437-41bf-b17d-4b090481f67b,dawson.osaka,available,32.98,41.98,high,low,6,namecheap,,,25/09/2026 04:48
bce23316-780f-4f80-a17b-0da06a106a9c,longitude.osaka,available,26.97,26.97,high,low,9,dynadot,,,30/09/2026 03:11
240426b3-d87b-4875-8298-3282b624d741,periodic.osaka,available,32.98,41.98,medium,low,8,namecheap,,,08/09/2026 17:11
c9b0095a-a588-4e31-b16f-68b4dbbab4ac,reviewed.osaka,available,32.98,41.98,medium,low,8,namecheap,,,29/09/2026 05:52
05a236fd-e656-419a-8267-8c7f69488452,cashier.osaka,available,32.98,41.98,high,low,7,namecheap,,,22/09/2026 02:24
e26f83fd-4ebe-4cb7-8126-1d359601b2f4,flagella.osaka,available,26.68,26.88,medium,low,8,porkbun,,,02/10/2026 12:02
70efc858-f8ce-4145-a122-6558275cf044,allusive.osaka,available,32.98,41.98,medium,low,8,namecheap,,,
a8549dbb-3efc-4c16-aa09-23696724adff,doubt.osaka,available,26.97,26.97,high,low,5,dynadot,,,29/09/2026 16:37
bee155d2-d310-411c-bedd-d03dba3b0df6,asymmetric.osaka,available,32.98,41.98,medium,low,10,namecheap,,,07/08/2026 10:25
73140052-ea70-40c8-a829-37545f9ea646,clarify.osaka,available,26.68,26.88,high,low,7,porkbun,,,29/09/2026 02:43
a63fa13d-1f58-4d52-a495-52d4ef67c088,feetfirst.osaka,available,32.98,41.98,medium,low,9,namecheap,,,14/09/2026 18:20
b3bb57a1-cac5-4ab2-bbed-dcaebf0ceef1,anethum.osaka,available,39.99,39.99,medium,low,7,name.com,,,19/09/2026 05:35
c70cbdc6-5f36-46ab-9a45-9c25f794d287,markoff.osaka,available,32.98,41.98,medium,low,7,namecheap,,,19/09/2026 04:18
c033cf31-aa7d-4cf2-a34b-91a163b4712e,implement.osaka,available,32.98,41.98,high,low,9,namecheap,,,29/09/2026 13:06
d1135a02-7401-4ff9-ab18-0f00e3d769dc,become.osaka,available,32.98,41.98,high,low,6,namecheap,,,30/09/2026 15:37
277b67cf-4773-4e67-bb35-4f484d6a7580,weeny.osaka,available,32.98,41.98,high,low,5,namecheap,,,10/08/2026 08:22
e5f372c2-5a83-42f4-9fc3-c29400045d1d,kai.osaka,available,32.98,41.98,high,medium,3,namecheap,,,29/09/2026 15:18
fdc98701-c4cf-49d0-874d-2754ccba7573,balloon.osaka,available,32.98,41.98,high,low,7,namecheap,,,21/09/2026 23:08
066009ef-5655-4157-9782-ef5a66f74429,barter.osaka,available,32.98,41.98,high,low,6,namecheap,,,29/09/2026 01:18
1c3cf23a-4774-4fd8-928a-24e887644309,meditative.osaka,available,32.98,41.98,high,low,10,namecheap,,,11/08/2026 05:56
8e7d119d-5575-4210-833f-48440d1a1a20,simian.osaka,available,32.98,41.98,high,medium,6,namecheap,,,10/09/2026 08:14
bd8eebeb-5a28-4ea6-ac1a-1e25693e8370,immense.osaka,available,32.98,41.98,high,low,7,namecheap,,,25/09/2026 06:12
8513b832-cb28-40ed-b604-42439ce36a6a,variations.osaka,available,32.98,41.98,medium,low,10,namecheap,,,18/09/2026 20:13
afdc044a-117d-489f-ae06-471bb8ffdd4c,invasion.osaka,available,26.68,26.88,high,low,8,porkbun,,,27/09/2026 13:26
94f58cfa-debc-40f8-9a58-a0afe8bc6b77,smuggler.osaka,available,26.97,26.97,medium,low,8,dynadot,,,03/10/2026 00:10
bc0de847-1758-409e-94aa-357c3c4ccf1a,atrazine.osaka,available,32.98,41.98,medium,low,8,namecheap,,,21/09/2026 00:37
a08743b2-e162-42da-906b-293098ea9c39,upended.osaka,available,32.98,41.98,medium,low,7,namecheap,,,12/09/2026 23:06
d28a56b1-3e10-4360-b9ad-e87ad94b5606,someways.osaka,available,32.98,41.98,medium,low,8,namecheap,,,15/09/2026 06:48
99dcde99-65af-4517-9142-4d4fc8be4c1a,zoic.osaka,available,32.98,41.98,medium,low,4,namecheap,,,13/09/2026 15:25
b07eedb3-d666-4200-98d0-5a02cc82b178,windsock.osaka,available,32.98,41.98,medium,low,8,namecheap,,,17/09/2026 21:40
9bbb4259-5d5f-4e0e-8af2-489af417cb6f,clues.osaka,available,32.98,41.98,medium,low,5,namecheap,,,28/09/2026 05:05
d508260a-fe8b-4400-b3c8-23f08ea09fd0,mbs.osaka,available,26.97,26.97,high,low,3,dynadot,,,02/10/2026 20:49
762f4c2d-2f1d-41cd-a7b3-76856e0647a9,atypical.osaka,available,32.98,41.98,high,low,8,namecheap,,,07/08/2026 16:06
f00186be-752d-4753-9c26-302ab42052ba,pocatello.osaka,available,26.97,26.97,medium,low,9,dynadot,,,03/10/2026 01:48
54cd9e15-d6ce-4f5d-ab65-42dc56efe60f,automatically.osaka,available,26.97,26.97,medium,low,13,dynadot,,,28/09/2026 07:07
c3f8467c-0ff1-4b1e-9246-7cc8dcf1f81b,sunda.osaka,available,26.97,26.97,high,low,5,dynadot,,,02/10/2026 00:35
953d01a9-a209-455e-9c28-ebb50e45ebd6,precinct.osaka,available,32.98,41.98,high,low,8,namecheap,,,28/09/2026 15:05
3487aac8-04d3-49df-a58b-a0d791ed5af4,wallpaper.osaka,available,26.68,26.88,high,low,9,porkbun,,,29/09/2026 08:18
d8ed5bc3-b0e9-4325-9347-02c17804e51d,waco.osaka,available,26.97,26.97,high,low,4,dynadot,,,28/09/2026 06:51
8d44e254-8c4e-4e29-952b-b9114344c2dd,loves.osaka,available,39.99,39.99,high,low,5,name.com,,,25/09/2026 18:55
55d705dd-5899-4a52-beab-6e36d9dda953,fermented.osaka,available,32.98,41.98,medium,low,9,namecheap,,,03/10/2026 02:54
c6661ffa-cc3d-40a4-ae33-3fa580d26623,births.osaka,available,26.97,26.97,medium,low,6,dynadot,,,01/10/2026 17:07
2265e7c4-1d18-466e-b2a0-1de5176b5fd7,arpent.osaka,available,32.98,41.98,medium,low,6,namecheap,,,20/09/2026 08:38
005c230e-85cf-450a-b9ed-beb317e8a07d,uub.osaka,available,32.98,41.98,medium,low,3,namecheap,,,20/09/2026 22:14
92f770a6-6714-4211-b348-9f54c082e19c,sync.osaka,available,26.97,26.97,high,medium,4,dynadot,,,29/09/2026 20:47
502704b9-6be4-4a9f-a7af-d3ba14f4f88f,vhs.osaka,available,32.98,41.98,high,low,3,namecheap,,,16/09/2026 06:26
616a56f9-ce5e-4b71-b023-d59ad46a6654,cole.osaka,available,39.99,39.99,high,low,4,name.com,,,25/09/2026 01:59
55aa7eee-538e-4366-aaa9-b6cbf8b267fa,sacrament.osaka,available,32.98,41.98,high,low,9,namecheap,,,02/10/2026 06:18
45acbfc7-0b6c-437a-86db-e415487adb5e,sedated.osaka,available,32.98,41.98,low,low,7,namecheap,,,16/09/2026 18:04
f9db258b-cc83-4ff6-aaf9-638ed5db0e21,giving.osaka,available,32.98,41.98,high,low,6,namecheap,,,09/08/2026 20:55
248efcef-5cec-42bf-a44c-a0509328ce3b,assassins.osaka,available,26.97,26.97,low,low,9,dynadot,,,30/09/2026 07:00
675b6771-94bf-4546-bd23-a38343a17b8f,prehistoric.osaka,available,32.98,41.98,medium,low,11,namecheap,,,29/09/2026 03:08
400bc4e4-005d-4974-aea0-e647898ce962,atp.osaka,available,26.68,26.88,high,low,3,porkbun,,,28/09/2026 18:27
747b171e-47d7-49f9-af51-e271f8d1e9e9,pnl.osaka,available,26.97,26.97,high,low,3,dynadot,,,02/10/2026 07:42
6b8f6b8a-e7d0-4a36-9c04-ac92f078921e,descending.osaka,available,26.97,26.97,medium,low,10,dynadot,,,28/09/2026 21:15
5e2e7e30-8e59-4b74-89f4-b147b03038cb,maternally.osaka,available,32.98,41.98,medium,low,10,namecheap,,,25/08/2026 07:10
bfaee0a0-ea4b-4943-91c6-4ca04c470c36,servant.osaka,available,32.98,41.98,high,low,7,namecheap,,,25/09/2026 06:52
a41c3d04-bcd2-4f92-9599-f2751931fd07,locals.osaka,available,26.97,26.97,high,low,6,dynadot,,,28/09/2026 13:28
a32f1967-fdc9-4603-a535-2e7fdb0b2c25,clauses.osaka,available,26.97,26.97,medium,low,7,dynadot,,,02/10/2026 11:49
c23f529d-d319-4ebe-a8e6-c3df27a12ecd,disturbance.osaka,available,26.97,26.97,medium,low,11,dynadot,,,28/09/2026 12:34
c0b6e0a9-40be-4a7a-a837-45d9dcf1344b,hadean.osaka,available,32.98,41.98,medium,low,6,namecheap,,,20/08/2026 21:32
ef91bb92-d224-4a3b-ab95-a7cefb9247c1,fiedler.osaka,available,32.98,41.98,high,low,7,namecheap,,,20/09/2026 10:50
2c3694da-ea99-4c48-916e-dd0bf3f05279,underarm.osaka,available,32.98,41.98,medium,low,8,namecheap,,,12/09/2026 07:21
16342724-b151-4e45-8bbf-6f2c945f8bed,oversea.osaka,available,32.98,41.98,medium,low,7,namecheap,,,04/09/2026 21:46
111b9166-fee8-49d8-b051-a83b52657890,horary.osaka,available,32.98,41.98,medium,low,6,namecheap,,,21/08/2026 13:58
f5d2bdb3-1d68-4d7d-90ab-047ba4314006,vitis.osaka,available,32.98,41.98,high,low,5,namecheap,,,03/10/2026 00:56
1fe7c824-e113-4858-9b06-750b563621cf,tending.osaka,available,32.98,41.98,high,low,7,namecheap,,,11/09/2026 11:15
9ed9ae66-c455-4060-bacb-08758f1946e9,tombs.osaka,available,26.97,26.97,medium,low,5,dynadot,,,30/09/2026 05:23
4ec98869-e76e-4916-bcc8-92cf823fb29c,advising.osaka,available,26.97,26.97,high,low,8,dynadot,,,29/09/2026 20:50
5feaafe9-2fad-420a-b1cf-b7388d12e46e,passion.osaka,available,26.68,26.88,high,low,7,porkbun,,,29/09/2026 05:44
4c5611c0-6080-4134-846c-11e93bc68041,fragile.osaka,available,32.98,41.98,high,low,7,namecheap,,,18/08/2026 13:57
7cb3334a-3aec-4477-9d0a-8b1bda3cc358,chromosomes.osaka,available,32.98,41.98,medium,low,11,namecheap,,,01/10/2026 00:36
e89153e7-fe9b-4cb3-bf61-81d93e86b408,adient.osaka,available,32.98,41.98,medium,low,6,namecheap,,,
2f7dd51d-1478-4dc9-9f52-3a52344b48ee,overly.osaka,available,32.98,41.98,medium,low,6,namecheap,,,14/09/2026 16:48
dab1480b-34b0-45c6-beb6-c4fc5c01b6d7,lexically.osaka,available,32.98,41.98,medium,low,9,namecheap,,,15/09/2026 11:16
5e6f857d-c509-489e-9f55-2ac60dfa5214,frans.osaka,available,26.68,26.88,high,low,5,porkbun,,,29/09/2026 10:53
8f0e0738-1358-4511-81c9-4fb8d5c186da,nondrinker.osaka,available,32.98,41.98,medium,low,10,namecheap,,,
81935c14-95a2-4014-bf3c-64a140083bca,fundament.osaka,available,32.98,41.98,medium,low,9,namecheap,,,09/08/2026 10:59
75cf0a7d-c62d-4237-add0-a8c135ed0fff,repairing.osaka,available,26.68,26.88,high,low,9,porkbun,,,01/10/2026 05:59
a55ec866-1a41-4dc4-b8f7-42fbfa76f37a,andrey.osaka,available,26.97,26.97,high,low,6,dynadot,,,29/09/2026 15:52
224a8a3f-7b32-4ec1-a4bc-73a78b77db1b,westport.osaka,available,26.68,26.88,high,low,8,porkbun,,,28/09/2026 08:11
e75fe541-68d8-43a9-ad80-388e319b8f79,schools.osaka,available,32.98,41.98,high,low,7,namecheap,,,28/09/2026 08:54
a3315604-1f2c-400b-8272-fb5926033532,stalk.osaka,available,39.99,39.99,high,low,5,name.com,,,19/09/2026 07:14
0aa4263d-305e-43ba-ae5c-972b8bc4438f,handless.osaka,available,32.98,41.98,medium,low,8,namecheap,,,11/08/2026 10:12
947cd3cb-1eff-4dde-a16e-c25682c38acb,troupe.osaka,available,26.97,26.97,high,low,6,dynadot,,,02/10/2026 06:34
fca9b4bf-538b-417c-9099-4b4315bc490b,enriched.osaka,available,32.98,41.98,medium,low,8,namecheap,,,02/10/2026 22:01
8de2eb48-a24a-43f2-9086-d96f61a67413,ruffian.osaka,available,32.98,41.98,medium,low,7,namecheap,,,11/08/2026 08:41
3b1400ec-bd7e-47f8-acca-0e734abc632c,referred.osaka,available,32.98,41.98,medium,low,8,namecheap,,,17/09/2026 06:11
305d12b9-0c7e-40c2-852b-49f9b765a249,devilish.osaka,available,32.98,41.98,medium,low,8,namecheap,,,14/08/2026 05:06
1b0b2e79-d53f-429a-8092-4b6041e74fb1,pentad.osaka,available,32.98,41.98,medium,low,6,namecheap,,,
4e3b375c-9ba8-4793-b21c-0e3d7a14ee44,hispanic.osaka,available,32.98,41.98,high,low,8,namecheap,,,21/08/2026 09:44
e88d6b5e-bce7-4faa-85b3-8b9ca920cea0,merrily.osaka,available,32.98,41.98,high,low,7,namecheap,,,14/09/2026 00:25
5ebb5132-afcf-4849-90b5-ec372f2bd993,saab.osaka,available,26.97,26.97,high,medium,4,dynadot,,,29/09/2026 21:32
5f663709-d993-46a2-919f-5cfa1067fb46,disciplined.osaka,available,26.68,26.88,high,low,11,porkbun,,,29/09/2026 08:42
0a6622fe-ff7f-4a32-aba2-be143026244c,enjoyment.osaka,available,32.98,41.98,high,low,9,namecheap,,,01/10/2026 11:07
d7fdf2c8-eb42-4674-b102-9989343cb2d1,thinks.osaka,available,32.98,41.98,high,low,6,namecheap,,,18/09/2026 15:23
73939c5a-ea7a-424f-8c62-dae6eca4a03b,hereditary.osaka,available,32.98,41.98,high,low,10,namecheap,,,
26ab9808-5c51-4e4e-851c-0716f0e5c0a9,nip.osaka,available,26.97,26.97,high,low,3,dynadot,,,30/09/2026 09:08
77a69c7c-8ef9-46c2-a06d-74ddb331c903,astros.osaka,available,26.97,26.97,high,medium,6,dynadot,,,30/09/2026 15:11
89dbc3e7-1ed0-45ed-a228-3020f1042bbd,augmented.osaka,available,26.68,26.88,high,low,9,porkbun,,,02/10/2026 20:48
0248ce31-a49c-4509-892e-e5ced3b9fd95,som.osaka,available,32.98,41.98,high,low,3,namecheap,,,29/09/2026 08:04
2530e7fa-9889-4e92-ad0c-39dde6616b43,treacherous.osaka,available,26.97,26.97,medium,low,11,dynadot,,,30/09/2026 03:44
9f6b9d3f-6a29-4ac4-8af2-7ff84449ca27,compounds.osaka,available,26.97,26.97,medium,low,9,dynadot,,,01/10/2026 15:18
b29217a9-3407-43a6-b0e5-63c5f1905ec3,hades.osaka,available,32.98,41.98,high,low,5,namecheap,,,17/09/2026 20:48
0d0db7a7-353d-4c36-ac2c-afc0210afd59,dances.osaka,available,39.99,,high,low,6,name.com,,,
4415abe8-d281-449a-8771-5903d41133fc,apteryx.osaka,available,32.98,41.98,medium,low,7,namecheap,,,19/09/2026 22:37
11b9026f-c9fa-4298-bf48-172000cf074e,faye.osaka,available,26.97,26.97,medium,low,4,dynadot,,,28/09/2026 13:31
42f4de7d-0a96-47cc-9c13-696fe418f2cd,robbie.osaka,available,39.99,39.99,high,low,6,name.com,,,27/09/2026 19:05
9cfa11f1-a2f7-4940-b090-f568224752ab,amigo.osaka,available,32.98,41.98,high,low,5,namecheap,,,18/09/2026 21:37
bece5b64-1b39-406c-a9ea-020f7d26ecad,husayn.osaka,available,32.98,41.98,medium,low,6,namecheap,,,30/09/2026 10:12
ad312c14-b0c3-47cb-8200-6bbd4d0d9ac7,whiny.osaka,available,32.98,41.98,medium,low,5,namecheap,,,09/09/2026 08:37
9b52de3a-534f-43b0-9508-c29588c42a9b,thermoset.osaka,available,32.98,41.98,medium,low,9,namecheap,,,11/09/2026 12:58
848c66df-5c18-4d17-9529-f5feb1af87b8,winsome.osaka,available,32.98,41.98,high,low,7,namecheap,,,13/09/2026 12:37
a7a1511b-0678-4a30-b8df-be4ef0468330,disabled.osaka,available,32.98,41.98,high,low,8,namecheap,,,24/09/2026 10:55
ae4728b4-3a1a-483d-b439-623d8797aaef,volunteers.osaka,available,32.98,41.98,high,low,10,namecheap,,,18/09/2026 01:21
657bffd6-1296-4984-867d-4724db68c178,boiler.osaka,available,32.98,41.98,high,low,6,namecheap,,,28/09/2026 13:34
086a9ce0-fee8-4470-9009-c45b92e642f1,tantalum.osaka,available,32.98,41.98,medium,low,8,namecheap,,,20/09/2026 23:42
c341d647-639d-4775-84d1-46c15f9e3d4a,amputee.osaka,available,32.98,41.98,medium,low,7,namecheap,,,18/09/2026 23:54
49300c80-7791-4e90-bb91-6ecc23f15931,pointy.osaka,available,26.97,26.97,high,low,6,dynadot,,,01/10/2026 22:59
29cabf41-4b53-4447-aaa8-d1c27700ae4c,exhaust.osaka,available,26.68,26.88,high,low,7,porkbun,,,29/09/2026 18:34
585dd2a3-7e16-4270-b757-fdcee0cbb37f,valerius.osaka,available,32.98,41.98,high,low,8,namecheap,,,02/10/2026 09:29
22b85112-3c60-4ab8-a04e-e5d12e76c4d1,sleeping.osaka,available,32.98,41.98,high,low,8,namecheap,,,27/09/2026 22:26
fa935500-35a8-41ec-bbb6-ba3853f3cb78,canby.osaka,available,32.98,41.98,medium,low,5,namecheap,,,30/09/2026 14:04
3db91759-6332-42c1-bb7d-ad3835498957,flooded.osaka,available,32.98,41.98,high,low,7,namecheap,,,08/08/2026 00:23
06e528ca-b2a3-47e6-912c-f0b4f1a0ca0e,billions.osaka,available,32.98,41.98,medium,low,8,namecheap,,,29/09/2026 06:04
00548328-1c29-4cbb-b641-0f9e4460012c,acrosome.osaka,available,32.98,41.98,medium,low,8,namecheap,,,17/09/2026 03:58
bfb23332-9d92-4be5-b410-7ba2b17806f4,rembrandt.osaka,available,26.97,26.97,high,low,9,dynadot,,,28/09/2026 15:14
767be1b9-8cc4-447f-b1d3-42c34b871581,throats.osaka,available,32.98,41.98,medium,low,7,namecheap,,,20/09/2026 08:21
1dce8bd8-5994-4e75-9a5f-083355e48ff5,editing.osaka,available,26.97,26.97,high,low,7,dynadot,,,28/09/2026 13:57
93a33ad5-d8b7-4b5a-9934-eacb65cb2ab0,overdrive.osaka,available,26.97,26.97,high,low,9,dynadot,,,03/10/2026 01:44
0e5f7cd5-cc12-4626-966b-36b71078c1b6,separately.osaka,available,32.98,41.98,medium,low,10,namecheap,,,15/09/2026 08:00
07ea39b7-607c-46e8-8aaa-318ba8448623,bagdad.osaka,available,32.98,41.98,medium,low,6,namecheap,,,29/09/2026 00:26
3436df1e-5df5-43c8-b654-3454ffd944c3,cretin.osaka,available,32.98,41.98,medium,low,6,namecheap,,,21/08/2026 20:26
e1b0dd16-4ac5-4b9e-864b-c7ae2b01a3c9,rosy.osaka,available,32.98,41.98,high,low,4,namecheap,,,18/08/2026 09:27
0c0becb2-12b1-4fde-ac2a-a28c9b5a9061,robbed.osaka,available,32.98,41.98,low,low,6,namecheap,,,27/09/2026 02:44
f9e71f19-5e26-4e71-a22a-e53ff93ee814,axseed.osaka,available,32.98,41.98,medium,low,6,namecheap,,,21/09/2026 10:31
d786b685-b032-435a-a42a-c1a8a89b6c00,methodology.osaka,available,26.97,26.97,high,low,11,dynadot,,,30/09/2026 06:02
237e6e85-d696-4476-92eb-d23f2630ee35,former.osaka,available,32.98,41.98,high,low,6,namecheap,,,24/09/2026 21:24
fe8837e1-dbe0-407d-aef6-d865dc7f2c03,euros.osaka,available,26.97,26.97,high,low,5,dynadot,,,03/10/2026 04:58
6ca7eef1-ca44-45b3-beca-9ddb2111a7c3,pompey.osaka,available,26.97,26.97,medium,low,6,dynadot,,,03/10/2026 00:58
101e7367-e408-48f8-a29b-cd5dbb419dbe,dwell.osaka,available,32.98,41.98,high,low,5,namecheap,,,24/08/2026 07:49
1c254681-36df-45fa-9c64-c8ce802e1900,furs.osaka,available,26.97,26.97,medium,low,4,dynadot,,,30/09/2026 23:22
39d5c653-d2a5-49ea-aefa-94d713dbf2e6,behave.osaka,available,26.97,26.97,high,low,6,dynadot,,,30/09/2026 15:41
90985310-aea3-4cdb-a8c1-a677c0f8c1ad,literate.osaka,available,32.98,41.98,high,low,8,namecheap,,,24/08/2026 07:26
5b898d1d-5cbb-42d2-b44f-2903f4ce15ed,whalebone.osaka,available,32.98,41.98,medium,low,9,namecheap,,,21/09/2026 21:50
553c1910-6c29-4432-a25b-e7591a84df26,alhaytham.osaka,available,32.98,41.98,medium,low,10,namecheap,,,18/09/2026 00:48
74dfe93e-79c7-4cc6-b2c6-0d67f9f16413,manful.osaka,available,32.98,41.98,medium,low,6,namecheap,,,24/08/2026 14:46
fe8fdee8-7d02-47b9-b192-a4cd70ae92d1,weill.osaka,available,26.68,26.88,high,low,5,porkbun,,,30/09/2026 10:21
c5395dc1-7c91-416a-95c9-95c7ae76af93,risque.osaka,available,32.98,41.98,high,low,6,namecheap,,,18/08/2026 20:02
e61720d0-90ed-4ae5-aa91-eb785643da8c,rancid.osaka,available,32.98,41.98,high,medium,6,namecheap,,,09/09/2026 10:12
2fde2d32-d533-46eb-9cbb-09bed0eb627d,starchy.osaka,available,32.98,41.98,medium,low,7,namecheap,,,11/08/2026 07:29
d6bf1939-098c-4410-b6a0-7b9357830299,mend.osaka,available,26.97,26.97,high,low,4,dynadot,,,30/09/2026 08:51
93f34f59-c4a8-44e1-8b99-4a85d27d878e,interlaced.osaka,available,32.98,41.98,medium,low,10,namecheap,,,22/08/2026 08:04
7badfb6f-3a6f-4607-ae9f-b55946ef8ab6,aliment.osaka,available,32.98,41.98,high,low,7,namecheap,,,18/09/2026 07:56
e112d06e-78b8-45ac-bbe1-f83ae6278552,ashtabula.osaka,available,32.98,41.98,medium,low,9,namecheap,,,02/10/2026 08:14
23fb3c42-d4ee-469c-a145-18137eb3a6ad,wedlock.osaka,available,26.68,26.88,high,low,7,porkbun,,,03/10/2026 01:33
20abdd53-2bcc-4db3-adc0-61210a9e8ba3,sporty.osaka,available,32.98,41.98,high,low,6,namecheap,,,10/09/2026 16:35
949feb01-84df-404f-ae3c-590654536c34,xxx.osaka,available,,,high,medium,3,,,,
a6f8111f-136a-4522-9897-6e7a3ba118bb,identity.osaka,available,26.68,26.88,high,medium,8,porkbun,,,30/09/2026 21:00
1fabf402-1c1e-4380-8055-7a3c39d316d3,specify.osaka,available,26.68,26.88,high,low,7,porkbun,,,29/09/2026 20:40
24b39d47-c675-4b04-a502-3cbf8f7f2af0,calvin.osaka,available,32.98,41.98,high,high,6,namecheap,,,27/09/2026 03:28
9741c030-b7ae-4825-a1fa-367572b3df94,queue.osaka,available,32.98,41.98,high,low,5,namecheap,,,01/10/2026 03:23
744d671b-a916-43e9-9934-517411f1ab4f,grazing.osaka,available,26.97,26.97,medium,low,7,dynadot,,,29/09/2026 01:08
5d9408b9-ee99-4a22-af8b-8535270fbfb4,ministrant.osaka,available,32.98,41.98,medium,low,10,namecheap,,,24/08/2026 23:57
2822d67e-cddc-4d31-9a46-b117c878cb65,depraved.osaka,available,32.98,41.98,medium,low,8,namecheap,,,14/08/2026 02:29
167533fb-4b9f-4b8a-8bd5-894600f4035b,depleted.osaka,available,32.98,41.98,medium,low,8,namecheap,,,14/08/2026 02:23
ea06fc20-875b-4f74-9402-cd0193668ee9,carving.osaka,available,26.68,26.88,high,low,7,porkbun,,,29/09/2026 00:21
0a6982b6-c0f4-44fe-a8a8-0f9dc6bb5032,lxxiv.osaka,available,32.98,41.98,medium,low,5,namecheap,,,
8ddd325e-5c92-4b7b-8316-58a0d3ceb4f4,motherfukkah.osaka,available,32.98,41.98,medium,low,12,namecheap,,,02/10/2026 05:04
c3d0fa34-f8a5-42b2-8fc7-e83aaf51600c,lunchboxes.osaka,available,32.98,41.98,medium,low,10,namecheap,,,21/09/2026 09:13
d5a5a559-2b96-4098-b73e-8f389ad36f5d,sweeps.osaka,available,32.98,41.98,medium,low,6,namecheap,,,18/09/2026 07:58
c12c0712-c92a-4e18-bed2-28a25fefa2aa,voting.osaka,available,26.97,26.97,high,low,6,dynadot,,,29/09/2026 00:48
dac8c20c-c0c7-4d06-b6fd-0affb59a8284,northampton.osaka,available,32.98,41.98,high,low,11,namecheap,,,25/09/2026 14:57
086b4d30-8802-4c52-b964-c2f4144c9567,sounded.osaka,available,39.99,,medium,low,7,name.com,,,
18bc88e4-9469-4744-a5a5-19375da0d8a5,handing.osaka,available,32.98,41.98,medium,low,7,namecheap,,,28/09/2026 11:31
da7e0c8c-0bc7-4f01-9563-82bff83dcc74,unreached.osaka,available,32.98,41.98,medium,low,9,namecheap,,,04/09/2026 18:48
94e0e1bc-7986-467b-a2ac-2cdb770dca1a,chewable.osaka,available,32.98,41.98,medium,low,8,namecheap,,,12/08/2026 04:28
c1d3a7f7-8331-41aa-9ea9-9a9087f1b711,mistreat.osaka,available,32.98,41.98,medium,low,8,namecheap,,,16/09/2026 19:06
f28af1aa-d83c-4792-8afb-49f6b66dd36d,artisan.osaka,available,32.98,41.98,high,low,7,namecheap,,,20/09/2026 11:51
c5ba22f2-67a2-42c0-ac9b-0f6cd7849a1a,beads.osaka,available,32.98,41.98,high,low,5,namecheap,,,29/09/2026 01:39
7b0457cf-ee07-4644-b020-8b320fbaec0a,otherwise.osaka,available,39.99,,high,low,9,name.com,,,26/09/2026 00:41
d796a8f6-1960-4c10-87f8-8d6ca9f30ee8,them.osaka,available,32.98,41.98,high,low,4,namecheap,,,30/09/2026 22:25
ce4ccd54-ffaa-4d8d-954c-7500bc7b25f3,outrageous.osaka,available,32.98,41.98,medium,low,10,namecheap,,,17/08/2026 17:38
824f1156-8ada-4098-a4ec-ae307434a9f0,accountant.osaka,available,32.98,41.98,high,low,10,namecheap,,,16/09/2026 23:11
61a17934-68bb-467c-a0c0-660d04fd2481,edited.osaka,available,32.98,41.98,high,low,6,namecheap,,,15/08/2026 11:05
36aa9149-84c1-4484-9fb2-7d4a4babe7d4,compensated.osaka,available,32.98,41.98,medium,low,11,namecheap,,,01/10/2026 18:26
8ac3c031-f3dd-451e-8d33-81dcf41ef595,grudging.osaka,available,32.98,41.98,medium,low,8,namecheap,,,20/08/2026 20:31
72053f03-a305-42c1-ad19-ad56240db9ee,operate.osaka,available,32.98,41.98,high,low,7,namecheap,,,25/09/2026 06:12
a60272f2-3da5-4fc0-ab76-8f68619507c5,diminuendo.osaka,available,32.98,41.98,medium,low,10,namecheap,,,13/08/2026 22:19
5831839b-b3e1-4064-bd47-77b8aa9a4749,firsthand.osaka,available,26.97,26.97,high,low,9,dynadot,,,01/10/2026 13:24
fbf9ab9f-fe2d-4075-89f9-c06af15e197b,vinton.osaka,available,32.98,41.98,medium,low,6,namecheap,,,30/09/2026 21:54
5f7802f3-fa87-4761-8da2-f94bde5c8b33,arrests.osaka,available,32.98,41.98,medium,low,7,namecheap,,,20/09/2026 19:12
e0fa377f-a5cc-4309-afcb-9257a4385631,terminator.osaka,available,26.97,26.97,high,low,10,dynadot,,,01/10/2026 01:51
e7bd3f36-5f0a-4be2-9c2d-198bf8e2932c,khakis.osaka,available,26.97,26.97,high,low,6,dynadot,,,30/09/2026 01:17
53a0ef47-4b5b-49e4-9a27-25802dd36070,barmaid.osaka,available,32.98,41.98,high,low,7,namecheap,,,22/09/2026 06:36
d637a5ca-fd84-441a-b47d-547263b91ba4,troll.osaka,available,26.68,26.88,high,low,5,porkbun,,,30/09/2026 13:56
feefc3d4-e671-4122-8d15-142a26f6d88d,hangdog.osaka,available,32.98,41.98,medium,low,7,namecheap,,,20/08/2026 23:41
065e0fa5-fd15-41e7-b3ca-b74ebfd4a080,assumes.osaka,available,32.98,41.98,medium,low,7,namecheap,,,30/09/2026 07:17
1c8e58ac-f6e8-42ec-8b45-41a0896b6587,aisha.osaka,available,26.97,26.97,high,low,5,dynadot,,,03/10/2026 04:09
663eed8b-34a1-459f-ac8e-c3758f302ab8,rav.osaka,available,26.68,26.88,high,low,3,porkbun,,,30/09/2026 04:18
4aea0d5f-7990-4e40-9b0c-12bd6af08ea1,multichannel.osaka,available,32.98,41.98,high,low,12,namecheap,,,02/10/2026 07:39
70aa5bd5-8e97-4001-b308-23fcc8dc30a9,digging.osaka,available,26.97,26.97,high,low,7,dynadot,,,27/09/2026 13:02
d375f523-62a8-43dc-a68c-5bc1338a15da,raf.osaka,available,32.98,41.98,high,low,3,namecheap,,,27/09/2026 05:07
f7bbec21-7ee0-4b98-b94c-815672d3fe20,nearly.osaka,available,26.97,26.97,high,low,6,dynadot,,,28/09/2026 11:55
567b9fc2-565b-4141-b620-77940550c50f,fierce.osaka,available,32.98,41.98,high,low,6,namecheap,,,23/09/2026 01:48
c3ba8426-bec9-492d-afee-4a967955f361,childlike.osaka,available,32.98,41.98,medium,low,9,namecheap,,,12/08/2026 05:12
3800a793-6181-417e-97aa-e4f97f1419e3,acquaintance.osaka,available,32.98,41.98,high,low,12,namecheap,,,28/09/2026 08:20
dafd6abd-8973-43d9-b1d9-c2c22a89239b,lars.osaka,available,32.98,41.98,high,low,4,namecheap,,,29/09/2026 09:31
2163f60c-c9ca-4418-b541-2cd606acabcc,isosceles.osaka,available,32.98,41.98,medium,low,9,namecheap,,,22/08/2026 11:16
f4884cbd-4eda-4910-954c-0b0193d90bf6,provocative.osaka,available,26.97,26.97,high,low,11,dynadot,,,29/09/2026 08:33
daf2fac7-d865-4fa8-8550-6b48d52ade76,asset.osaka,available,26.97,26.97,high,low,5,dynadot,,,01/10/2026 02:31
cedf55c9-eeb5-4d8a-ba20-5bdb2ea59f89,improves.osaka,available,26.97,26.97,medium,low,8,dynadot,,,01/10/2026 18:23
90d26909-8791-4619-ab09-fe9e2214bdf9,works.osaka,available,32.98,41.98,high,low,5,namecheap,,,24/09/2026 21:13
7d99cc91-b1ee-4def-92c5-920602a8be1f,levi.osaka,available,32.98,41.98,high,low,4,namecheap,,,29/09/2026 13:18
46cecb8c-f496-48b1-ba6b-413454150de9,headstrong.osaka,available,32.98,41.98,medium,low,10,namecheap,,,18/08/2026 16:35
b203b826-f9d5-4f44-9cbe-122daa06a95d,tasselled.osaka,available,32.98,41.98,medium,low,9,namecheap,,,11/09/2026 08:58
697e1832-5c4a-4178-9a81-d59b3101cbf9,untracked.osaka,available,32.98,41.98,medium,low,9,namecheap,,,08/09/2026 10:31
7c600c63-d778-44bf-871a-91cfdd3afec8,distinction.osaka,available,32.98,41.98,high,low,11,namecheap,,,02/10/2026 21:05
434a75d0-1d76-4233-8d08-d5410c8d3ce2,hannover.osaka,available,26.97,26.97,high,low,8,dynadot,,,29/09/2026 01:14
d3f31051-1499-4a04-ab74-af5cd04cd215,toklas.osaka,available,32.98,41.98,medium,low,6,namecheap,,,18/09/2026 07:28
3706a604-2208-49f6-99b1-cd25d1cdd73d,ibc.osaka,available,26.97,26.97,high,low,3,dynadot,,,02/10/2026 19:08
b5e830c9-beb4-4a16-9b70-3e117f92b195,stain.osaka,available,32.98,41.98,high,low,5,namecheap,,,25/09/2026 16:55
263cf654-ed16-44c8-8279-6139fa0a4095,fortunate.osaka,available,32.98,41.98,high,low,9,namecheap,,,18/08/2026 12:47
5c298590-7b66-4e79-8598-fd1801083039,coincidental.osaka,available,32.98,41.98,high,low,12,namecheap,,,03/10/2026 02:57
d6c816b9-1264-494a-940d-0dd5226062bf,intoxicated.osaka,available,26.97,26.97,medium,low,11,dynadot,,,30/09/2026 03:42
82165128-15de-4314-9a7e-acfd2f0b6899,ugly.osaka,available,32.98,41.98,high,low,4,namecheap,,,24/09/2026 06:45
594bf5f4-5be0-480b-8800-0d9880d3bfb7,overgrown.osaka,available,32.98,41.98,medium,low,9,namecheap,,,04/09/2026 20:42
e7abb468-54c3-4140-8485-1841bb785e57,episode.osaka,available,32.98,41.98,high,low,7,namecheap,,,29/09/2026 18:15
b687e993-2026-4dce-ba53-06200f3005de,mike.osaka,available,26.97,26.97,high,medium,4,dynadot,,,30/09/2026 04:19
1344e0ee-c813-4c91-be3f-d3c16dd3afa0,reds.osaka,available,32.98,41.98,high,medium,4,namecheap,,,29/09/2026 05:44
e2e7c3f6-8a65-4234-bf66-57b75c50fb1a,simplest.osaka,available,32.98,41.98,medium,low,8,namecheap,,,29/09/2026 22:50
a226b3d6-9c80-4fe5-a578-606f99ec8b5f,embedded.osaka,available,32.98,41.98,high,low,8,namecheap,,,16/08/2026 08:42
73aec7ec-70ba-48bd-84fb-0e5d925432fb,endangered.osaka,available,32.98,41.98,high,low,10,namecheap,,,17/08/2026 00:51
5a2055e2-ba8b-4cf1-b495-02811b492459,qualify.osaka,available,26.68,26.88,high,low,7,porkbun,,,28/09/2026 06:57
daf2622d-40c3-44c6-9e94-601ae675c59a,arborvitae.osaka,available,32.98,41.98,medium,low,10,namecheap,,,20/09/2026 00:54
4befa46f-2bf4-4aa9-9cf6-4488bf2d5b4e,grain.osaka,available,32.98,41.98,high,low,5,namecheap,,,28/09/2026 01:37
976edd78-c12c-40d5-9b18-37ce7c68affa,learnedly.osaka,available,32.98,41.98,medium,low,9,namecheap,,,14/09/2026 16:04
313823c8-f75e-4f86-9103-9c62fdfad880,ends.osaka,available,32.98,41.98,high,low,4,namecheap,,,25/09/2026 13:13
16461570-d950-44b0-816b-d11d268bf5f1,stc.osaka,available,32.98,41.98,high,low,3,namecheap,,,02/10/2026 13:44
0d589561-4f47-4701-a50d-c3d586e44d64,vancouver.osaka,available,26.68,26.88,high,medium,9,porkbun,,,29/09/2026 12:40
53025c69-eb75-4ad1-91fa-c386fc5086f6,unattached.osaka,available,32.98,41.98,medium,low,10,namecheap,,,18/08/2026 14:48
e33a7210-6f25-456e-9720-e74da6d3de75,frisky.osaka,available,32.98,41.98,high,low,6,namecheap,,,18/08/2026 16:02
bbe4f32f-e2d0-4cd9-befc-de4bc808c82c,quotable.osaka,available,32.98,41.98,medium,low,8,namecheap,,,09/09/2026 09:10
d16c144f-f65b-4f9a-ad22-40258fe5cdef,xlvi.osaka,available,32.98,41.98,medium,low,4,namecheap,,,
786bea73-4bef-462d-9921-328b6de5f5ef,utilized.osaka,available,32.98,41.98,medium,low,8,namecheap,,,13/09/2026 00:05
860ba874-3111-486c-8ab1-8547d76ad6cd,pyogenic.osaka,available,32.98,41.98,high,medium,8,namecheap,,,09/09/2026 06:54
86da9016-4fc0-4283-8fc7-086f43d91e0d,unequal.osaka,available,32.98,41.98,medium,low,7,namecheap,,,22/08/2026 00:15
c8553709-eae4-4e30-87d2-637b54859bc9,islamic.osaka,available,32.98,41.98,high,low,7,namecheap,,,22/08/2026 10:50
62a5ce53-4aae-49c1-9419-46e87a459360,interpreting.osaka,available,26.68,26.88,high,low,12,porkbun,,,02/10/2026 12:24
e6b199d1-4506-489c-985c-bc59dc300b04,bunk.osaka,available,32.98,41.98,medium,low,4,namecheap,,,03/09/2026 20:32
58b3a94c-ea1f-4088-8250-74db4cdd5675,slovakian.osaka,available,32.98,41.98,high,low,9,namecheap,,,10/09/2026 11:16
58e9ae78-6590-4de1-b04c-bd1e58c4e934,overladen.osaka,available,32.98,41.98,medium,low,9,namecheap,,,04/09/2026 20:51
290de617-2b9f-476f-b0b1-a26c28d536da,wellbeing.osaka,available,32.98,41.98,high,low,9,namecheap,,,28/09/2026 09:56
4d8fc062-a932-4dd8-ae00-2e63425bd88d,alerting.osaka,available,32.98,41.98,high,low,8,namecheap,,,18/09/2026 05:27
f16a6100-6a69-4081-8667-30fc4e722666,nippy.osaka,available,32.98,41.98,high,low,5,namecheap,,,03/09/2026 17:42
a1aa299b-deb4-47ee-a51d-8d89985563ab,lorraine.osaka,available,32.98,41.98,high,low,8,namecheap,,,25/09/2026 09:09
a77687d2-f749-4948-8375-024d2b1e2c49,glowing.osaka,available,32.98,41.98,high,low,7,namecheap,,,20/08/2026 15:08
fa88f013-3689-4c3c-b676-c5a41be44573,mainstay.osaka,available,32.98,41.98,high,low,8,namecheap,,,21/09/2026 15:13
9fbfd33c-fd50-4a53-a0eb-f22587ad77e9,materials.osaka,available,26.97,26.97,medium,low,9,dynadot,,,28/09/2026 12:42
9bf6d098-6675-44ed-ad07-ccb4bf7cd488,brief.osaka,available,32.98,41.98,high,low,5,namecheap,,,21/09/2026 13:42
42626acb-5359-426d-94ee-e12de8f76bde,alison.osaka,available,26.97,26.97,medium,low,6,dynadot,,,28/09/2026 04:29
a5bf1a22-447a-4417-b8ba-b585ca5afbcf,venereal.osaka,available,32.98,41.98,medium,low,8,namecheap,,,18/08/2026 21:42
2eb03e1f-504d-4e26-b758-a41206281bff,martian.osaka,available,32.98,41.98,high,low,7,namecheap,,,24/08/2026 16:37
bd9bfc63-e203-4135-bce8-f5f9e8af5ed7,roberta.osaka,available,26.97,26.97,high,low,7,dynadot,,,28/09/2026 03:52
c887700b-1f03-4d4e-bce7-34602cd59f99,flabby.osaka,available,32.98,41.98,medium,low,6,namecheap,,,18/08/2026 06:05
ccdac283-6562-45dc-8a25-f6b9b55692ac,interrupted.osaka,available,26.68,26.88,medium,low,11,porkbun,,,28/09/2026 08:46
8654123a-6673-44e1-845e-f9b61f031bb7,purposive.osaka,available,32.98,41.98,medium,low,9,namecheap,,,20/08/2026 15:51
726aa561-edc2-4637-a824-660fbf11703f,rubbed.osaka,available,32.98,41.98,medium,low,6,namecheap,,,17/09/2026 07:54
a9c8bdea-fe92-4900-84c3-10c5c7a6803d,dieppe.osaka,available,26.97,26.97,medium,low,6,dynadot,,,02/10/2026 08:49
c834a811-9cfa-47f8-b330-1b151cdcd7c9,sparked.osaka,available,26.68,26.88,high,low,7,porkbun,,,30/09/2026 04:13
9609388e-39f5-4746-bc6f-a58a0dac79dc,sonora.osaka,available,39.99,39.99,high,low,6,name.com,,,27/09/2026 04:12
45cc771f-d16a-419d-a90d-c6653e61862a,translates.osaka,available,26.97,26.97,medium,low,10,dynadot,,,30/09/2026 00:23
163619a6-9f39-41bc-9e24-a19967030072,powerful.osaka,available,32.98,41.98,high,low,8,namecheap,,,23/09/2026 09:23
af52d5d7-4218-4f88-9a9e-1c732b3e388f,portfolio.osaka,available,26.97,26.97,high,low,9,dynadot,,,28/09/2026 20:13
518e5de5-ac28-439b-b43f-03d834b4313f,coalition.osaka,available,39.99,39.99,high,low,9,name.com,,,18/09/2026 07:45
7966a75b-cdd6-493b-b3be-acd10456da2c,nevertheless.osaka,available,26.97,26.97,medium,low,12,dynadot,,,28/09/2026 22:40
b8a42f22-574c-49dd-86d1-d2b264c9f845,applique.osaka,available,32.98,41.98,medium,low,8,namecheap,,,19/09/2026 21:57
de7f803f-df52-417d-9768-68c14a3e5ad7,throat.osaka,available,32.98,41.98,high,low,6,namecheap,,,26/09/2026 00:01
797ad03c-2623-40ce-bc60-38e831190c78,igneous.osaka,available,32.98,41.98,medium,low,7,namecheap,,,21/08/2026 18:16
3f7f1e7a-432d-4e85-98ee-c2514cd5e532,lumber.osaka,available,32.98,41.98,high,low,6,namecheap,,,22/09/2026 10:02
b5cb9ac8-5435-4376-89be-7c407eeb5fdc,scientific.osaka,available,26.68,26.88,high,low,10,porkbun,,,02/10/2026 18:15
286f89ea-bb1c-49b2-8472-1a70208aee68,british.osaka,available,32.98,41.98,high,low,7,namecheap,,,23/09/2026 09:38
28cc0a42-ef69-4cdc-9e70-2ea2a99300ef,saif.osaka,available,26.97,26.97,high,low,4,dynadot,,,01/10/2026 23:18
9f24f84f-03bf-4e75-873b-fba398d6c96b,installations.osaka,available,32.98,41.98,medium,low,13,namecheap,,,01/10/2026 18:25
699317b3-8d2b-4e08-acd6-35cc4248af99,acadia.osaka,available,32.98,41.98,high,low,6,namecheap,,,16/09/2026 20:28
d6d81906-a557-40c6-90bf-ccdc0f76cf86,unguarded.osaka,available,32.98,41.98,medium,low,9,namecheap,,,12/09/2026 11:39
70ebf9e2-a541-4960-91db-d4284e124321,frilled.osaka,available,32.98,41.98,medium,low,7,namecheap,,,18/08/2026 15:49
4823acd2-68fb-4d70-88ae-7a0879904998,behind.osaka,available,32.98,41.98,high,low,6,namecheap,,,22/09/2026 18:54
58dffad1-9613-4678-a0b6-172ed00fac6f,rhythm.osaka,available,32.98,41.98,high,low,6,namecheap,,,25/09/2026 22:02
5b760096-562a-4a8c-bd64-70bf7fb7e37f,forgetful.osaka,available,32.98,41.98,medium,low,9,namecheap,,,18/08/2026 11:56
eaf59a2e-fb98-41df-aa65-4e15371c59a9,purulent.osaka,available,32.98,41.98,high,medium,8,namecheap,,,09/09/2026 06:30
8a6c4889-d979-4b56-922a-a6488f4f5332,successes.osaka,available,39.99,,medium,low,9,name.com,,,
db8a44af-8dd3-4cf6-a4dd-b8bb8d5e5171,miniskirt.osaka,available,32.98,41.98,high,low,9,namecheap,,,24/08/2026 23:47
f8db4454-4bd2-473d-9119-358fdff1541b,prejudice.osaka,available,32.98,41.98,high,low,9,namecheap,,,22/09/2026 20:16
1f111a48-6b76-4c2b-be93-184800c4ff4d,alate.osaka,available,32.98,41.98,medium,low,5,namecheap,,,
d194090b-c2ec-4055-bbac-1d390b70df5e,tough.osaka,available,32.98,41.98,high,low,5,namecheap,,,22/09/2026 16:19
419478aa-60bc-4bac-a230-3a15f4c9ffc5,bind.osaka,available,32.98,41.98,high,low,4,namecheap,,,22/09/2026 00:54
289be5b9-fb67-4e30-9ebd-c0a3927996e8,suture.osaka,available,32.98,41.98,high,low,6,namecheap,,,03/10/2026 00:44
7c240c8a-cd55-4ce3-b15d-b82ab601e85e,injure.osaka,available,26.97,26.97,medium,low,6,dynadot,,,28/09/2026 11:07
00f2456a-d2c7-4d06-8a99-3a1358042937,oss.osaka,available,32.98,41.98,high,low,3,namecheap,,,28/09/2026 21:16
a9f65d31-d5d2-436d-b476-671e9ae87bd1,deejay.osaka,available,32.98,41.98,high,low,6,namecheap,,,01/10/2026 18:26
98e23658-5ad8-47c1-9755-43fa062bb1fa,provoking.osaka,available,32.98,41.98,high,low,9,namecheap,,,
a9cbb3b5-71c4-41a5-a166-0fb06b287a33,baluchi.osaka,available,32.98,41.98,medium,low,7,namecheap,,,21/09/2026 23:42
bd636744-8abc-4cb6-9eef-d8c0d1c29e5c,lard.osaka,available,26.97,26.97,medium,low,4,dynadot,,,30/09/2026 17:51
e6e5e3fd-c942-4cb9-ba4a-521208f419fe,eloquently.osaka,available,32.98,41.98,medium,low,10,namecheap,,,13/09/2026 20:54
50660b02-807e-4eab-b435-c691722c7a84,sibelius.osaka,available,26.97,26.97,high,low,8,dynadot,,,02/10/2026 05:29
99bf5318-e48a-498d-9d3a-fa4e2c526fd2,anklebone.osaka,available,32.98,41.98,medium,low,9,namecheap,,,19/09/2026 09:43
bca57c5d-b565-4a58-83b5-3b2066dc0d51,harden.osaka,available,32.98,41.98,medium,low,6,namecheap,,,02/10/2026 06:44
d5056050-cac8-4351-bdfe-4fea7e7d4dc0,liability.osaka,available,26.97,26.97,high,low,9,dynadot,,,28/09/2026 09:46
8e2309e4-3d9a-4db2-807c-26a39899f4dc,rae.osaka,available,32.98,41.98,medium,low,3,namecheap,,,27/09/2026 01:43
dc0b1309-cdd5-4c17-902f-0e9cbece099f,operated.osaka,available,32.98,41.98,high,low,8,namecheap,,,01/10/2026 20:01
411cfdee-1ebc-4969-8975-073b39f912f1,schnabel.osaka,available,32.98,41.98,medium,low,8,namecheap,,,20/09/2026 12:04
f438582f-e563-4ec0-bb83-9b608d83bf1a,amort.osaka,available,32.98,41.98,medium,low,5,namecheap,,,
3db2e39e-63e2-4916-b805-59cc0940210a,respect.osaka,available,32.98,41.98,high,low,7,namecheap,,,24/09/2026 21:15
a4411446-3c9e-49c4-8fe1-24e352ce4b17,snorty.osaka,available,32.98,41.98,high,medium,6,namecheap,,,10/09/2026 06:38
ad5d34e1-a257-418f-97c3-81b412ca76ff,antiproton.osaka,available,32.98,41.98,medium,low,10,namecheap,,,19/09/2026 15:01
82daed81-6310-41a4-b007-b2e148a3f304,uranium.osaka,available,32.98,41.98,high,low,7,namecheap,,,21/09/2026 00:11
96404856-5117-4cd0-839c-6505fcc34061,coburg.osaka,available,32.98,41.98,high,low,6,namecheap,,,01/10/2026 09:18
bca9836e-0977-4aef-b5f8-6154fec4da57,extract.osaka,available,26.68,26.88,high,low,7,porkbun,,,28/09/2026 14:05
8a3985b2-6751-43f8-ba50-2c73ba6e52ba,congestion.osaka,available,26.97,26.97,high,low,10,dynadot,,,29/09/2026 10:56
4e6ffc5a-aea9-4e68-9fa0-05472458335c,noose.osaka,available,32.98,41.98,medium,low,5,namecheap,,,03/10/2026 01:41
d2d5f123-0fa6-4708-a442-0b86f01f197d,helmet.osaka,available,32.98,41.98,high,low,6,namecheap,,,25/09/2026 23:05
783bb650-dc26-4288-b3b6-af79b9121733,prevents.osaka,available,26.68,26.88,medium,low,8,porkbun,,,29/09/2026 16:31
02e070c7-a60f-4001-b965-5a7c578f7650,syntax.osaka,available,26.97,26.97,high,low,6,dynadot,,,03/10/2026 01:47
c14a0b8f-b7e1-441b-98f2-2556d0ed042b,nobel.osaka,available,39.99,39.99,high,low,5,name.com,,,18/09/2026 06:24
17f88925-4230-4e36-b74c-a3c08bc03f46,blond.osaka,available,32.98,41.98,high,low,5,namecheap,,,22/09/2026 22:15
02e96afd-d479-4f4a-a01a-6de8615eed54,discovers.osaka,available,26.97,26.97,medium,low,9,dynadot,,,29/09/2026 11:07
615c939f-cee2-45d3-87b3-ad233434e6dd,gettysburg.osaka,available,32.98,41.98,medium,low,10,namecheap,,,22/09/2026 15:05
9c5c41a2-4e13-4313-9bed-88c2684f4176,numeric.osaka,available,32.98,41.98,high,low,7,namecheap,,,03/09/2026 22:54
ebdfe9e8-f225-4c3f-9787-03b6d1ff35a7,freaking.osaka,available,26.68,26.88,medium,low,8,porkbun,,,01/10/2026 05:49
4188ad6e-650c-4341-9bf9-6d18394fe4e9,acousma.osaka,available,32.98,41.98,medium,low,7,namecheap,,,17/09/2026 02:29
144a128d-aa77-4637-a0d4-0572385a9df3,contributions.osaka,available,32.98,41.98,low,low,13,namecheap,,,29/09/2026 10:13
3bc47704-5a02-4347-8dc1-0213533a04b8,analyse.osaka,available,26.97,26.97,high,low,7,dynadot,,,02/10/2026 16:51
793a26cd-48bd-40a5-a1f9-2bb7ca100e78,exulting.osaka,available,32.98,41.98,high,low,8,namecheap,,,17/08/2026 19:44
4b74e8ce-a074-481b-8538-cef525f99460,colorise.osaka,available,32.98,41.98,medium,low,8,namecheap,,,12/08/2026 17:36
828eb023-3910-4bd9-988c-48d5e9fcc88d,antipodes.osaka,available,32.98,41.98,medium,low,9,namecheap,,,19/09/2026 14:59
d8f802f4-8764-4b9b-82f8-4acdd4ee1060,prostyle.osaka,available,32.98,41.98,high,low,8,namecheap,,,09/09/2026 04:01
c1b8046a-6663-4ab5-924a-276d92f99acb,academically.osaka,available,26.97,26.97,medium,low,12,dynadot,,,03/10/2026 02:36
8b84fa59-3549-4a66-9d46-1cd1e8ceebfb,unfair.osaka,available,26.68,26.88,medium,low,6,porkbun,,,28/09/2026 09:45
63e6dfae-adcf-4ba7-9273-bb490590ee48,rubberlike.osaka,available,32.98,41.98,high,medium,10,namecheap,,,09/09/2026 19:15
31bad7a2-dea4-4a55-a0b6-9766bdea1c5f,plz.osaka,available,39.99,,high,low,3,name.com,,,
b728b07e-3d43-4542-9c25-0c373feaeaef,county.osaka,available,32.98,41.98,high,low,6,namecheap,,,24/09/2026 18:41
b264f751-05e2-46ff-b8d2-dcc9f9cf91ba,seperation.osaka,available,32.98,41.98,low,low,10,namecheap,,,18/09/2026 17:16
d2ec4c4d-4070-4ea3-b791-83a67a903bf3,ravi.osaka,available,26.97,26.97,high,low,4,dynadot,,,29/09/2026 04:31
71a243de-8a92-4b63-a916-b4571654be2e,slouchy.osaka,available,32.98,41.98,medium,low,7,namecheap,,,19/09/2026 04:23
1f23bc40-22eb-4fe3-a404-84b3899fa381,rainproof.osaka,available,32.98,41.98,high,medium,9,namecheap,,,09/09/2026 09:47
2678e33c-091a-49b0-b258-5330311716ee,southeast.osaka,available,26.68,26.88,low,low,9,porkbun,,,28/09/2026 08:19
a00978fa-a535-4d50-a462-3818db92258d,algometer.osaka,available,32.98,41.98,medium,low,9,namecheap,,,18/09/2026 07:11
f82e9ff6-73b9-4e19-956c-defda585852e,phenomenal.osaka,available,32.98,41.98,high,low,10,namecheap,,,08/09/2026 18:46
4515e691-26a4-481b-b18a-dfe14ec04bea,weld.osaka,available,26.97,26.97,high,low,4,dynadot,,,02/10/2026 04:40
543a4fd4-6245-4606-ac7f-91db12ac840b,psd.osaka,available,26.68,26.88,high,low,3,porkbun,,,29/09/2026 21:36
c34b45cc-04e3-44b5-b986-e275af0546eb,hainan.osaka,available,26.97,26.97,high,low,6,dynadot,,,30/09/2026 05:03
71b97f0c-285c-4687-8a48-7f13472a9734,richie.osaka,available,26.68,26.88,high,low,6,porkbun,,,28/09/2026 04:39
06346fd2-9d19-4636-938c-19d42eeb196e,birthplace.osaka,available,32.98,41.98,high,low,10,namecheap,,,23/09/2026 21:18
c815111e-9fe6-4276-bfa3-5b5d3266cc2c,xian.osaka,available,26.97,26.97,high,low,4,dynadot,,,30/09/2026 16:40
6bfe9d2a-89fc-4b81-8f59-9237422cab0d,maghreb.osaka,available,32.98,41.98,high,low,7,namecheap,,,01/10/2026 20:27
9a5f5174-d402-4314-866b-e31a26f4b4ae,westwood.osaka,available,39.99,,high,low,8,name.com,,,
e2f105d5-60cb-40cb-8e07-140fb7b05162,settings.osaka,available,32.98,41.98,medium,low,8,namecheap,,,17/09/2026 13:18
070ce14d-1545-47d0-bbb1-d60d848f668f,blazonry.osaka,available,32.98,41.98,medium,low,8,namecheap,,,24/09/2026 05:06
2e97ea57-497b-413a-b9a2-a74ed09153a5,seizing.osaka,available,26.97,26.97,medium,low,7,dynadot,,,30/09/2026 18:24
6f96f63d-4024-4fcf-9e98-4921e4d7a59b,snyder.osaka,available,39.99,39.99,high,low,6,name.com,,,25/09/2026 18:53
caeab64d-0f09-48ee-957e-88abeff09072,increase.osaka,available,32.98,41.98,high,low,8,namecheap,,,29/09/2026 20:27
c82e1006-2f9c-418d-a161-bd65a052cc13,cymose.osaka,available,39.99,39.99,medium,low,6,name.com,,,13/08/2026 13:57
6791e960-15d5-4ce3-b266-5602ce500bbd,muslim.osaka,available,32.98,41.98,high,medium,6,namecheap,,,22/08/2026 10:45
2426a781-977d-46d4-b330-f8657b1c8e99,caudal.osaka,available,32.98,41.98,high,low,6,namecheap,,,11/08/2026 22:22
4d9c8e26-010b-4204-86cc-f20b16b129e5,double.osaka,available,32.98,41.98,high,low,6,namecheap,,,24/09/2026 11:46
9c6d6b4b-2ce8-4307-ad3d-7afe2b3c1faa,track.osaka,available,32.98,41.98,high,medium,5,namecheap,,,24/09/2026 02:07
4b58889e-5531-43c3-bcf2-784fb630fcbf,palm.osaka,available,32.98,41.98,high,low,4,namecheap,,,30/09/2026 02:14
0fc10236-1096-43c8-a08b-97dd3cfc3829,tamarack.osaka,available,32.98,41.98,medium,low,8,namecheap,,,18/09/2026 20:18
b0c111bd-f342-4efe-9ac1-264eb41175d8,bibos.osaka,available,32.98,41.98,low,low,5,namecheap,,,23/09/2026 13:02
89fee31a-5a6f-4ed6-811b-a9f646a9b833,improbably.osaka,available,32.98,41.98,medium,low,10,namecheap,,,15/09/2026 02:27
e16421cb-5ffe-4577-a485-bf653588465c,angry.osaka,available,32.98,41.98,high,low,5,namecheap,,,
a4af4035-8ab8-4304-baba-e21a0e0e4948,playmate.osaka,available,32.98,41.98,high,medium,8,namecheap,,,01/10/2026 21:19
2e1edf7c-399f-4ac8-af79-d973b7cff0b2,insofar.osaka,available,32.98,41.98,medium,low,7,namecheap,,,15/09/2026 06:43
51b0e44b-0bad-4040-9c7e-128c2fd642de,bmc.osaka,available,26.97,26.97,high,medium,3,dynadot,,,30/09/2026 13:56
822aeec2-0ac2-45d4-a468-46ff9ef25333,antonymous.osaka,available,32.98,41.98,medium,low,10,namecheap,,,05/08/2026 20:16
fb865257-addd-4837-bfb8-222004df2bc1,ritzy.osaka,available,32.98,41.98,high,low,5,namecheap,,,09/09/2026 18:04
376286d6-1db3-4d61-92d1-08a9ffb9789a,platter.osaka,available,32.98,41.98,high,low,7,namecheap,,,29/09/2026 15:14
25e46d8a-0b6f-4d4c-adf9-9ed6bfc8ec1e,fascist.osaka,available,32.98,41.98,medium,low,7,namecheap,,,17/08/2026 22:58
027702d2-73ae-4b33-8e86-a2972ae2d26f,surmisable.osaka,available,32.98,41.98,high,medium,10,namecheap,,,09/09/2026 01:47
ccf2c2f8-d251-4a56-88c1-d82241ecddad,boomerang.osaka,available,26.68,26.88,high,low,9,porkbun,,,02/10/2026 04:09
504d90d6-5b95-40bd-8ae5-7ae22b6a1e9b,backyard.osaka,available,32.98,41.98,high,low,9,namecheap,,,21/09/2026 16:22
484cf4ad-3d43-4134-918d-2cc3d744e475,unlicensed.osaka,available,32.98,41.98,medium,low,10,namecheap,,,11/09/2026 23:37
bd2aca86-b377-4c72-b653-843204d0cce4,kfc.osaka,available,32.98,41.98,high,low,3,namecheap,,,16/09/2026 23:46
ec62c8b5-9f89-4b07-b909-cfa1d7b6a31e,deflated.osaka,available,32.98,41.98,medium,low,8,namecheap,,,12/08/2026 02:17
e52cde30-0522-453e-9e2a-6482f44624bb,slantwise.osaka,available,32.98,41.98,medium,low,9,namecheap,,,16/09/2026 02:22
7d78f0fb-0082-426e-bbb1-27bc7c7ec77b,zymotic.osaka,available,32.98,41.98,medium,low,7,namecheap,,,13/09/2026 15:57
4d58cb42-9413-4625-8b5a-988fd6d67c9c,wetlands.osaka,available,26.68,26.88,medium,low,8,porkbun,,,30/09/2026 14:22
88c3f931-948c-42e2-98da-b03941110f39,fertilizer.osaka,available,26.68,26.88,high,low,10,porkbun,,,29/09/2026 06:53
0ee7e2a6-d3d2-40d9-9d0c-65ee2479e567,elective.osaka,available,32.98,41.98,high,low,8,namecheap,,,16/08/2026 02:33
9ea95ba9-2b8d-4126-a823-aa6be54449b2,ardour.osaka,available,32.98,41.98,medium,low,6,namecheap,,,20/09/2026 03:15
7204c6fb-937f-465e-8ea4-16d923bcd1ee,leinster.osaka,available,26.97,26.97,medium,low,8,dynadot,,,29/09/2026 09:29
f14ec37b-d55b-4709-9267-be376c953a13,refuse.osaka,available,32.98,41.98,medium,low,6,namecheap,,,27/09/2026 02:42
99846e57-f7c3-4323-9fc5-81415701dc62,kovacs.osaka,available,32.98,41.98,medium,low,6,namecheap,,,02/10/2026 20:40
c9105965-7e68-4106-b21d-6a2299f8e856,krupp.osaka,available,32.98,41.98,medium,low,5,namecheap,,,18/09/2026 06:37
015418b6-d982-4641-b00c-f63a70568ff9,ten.osaka,available,32.98,41.98,high,low,3,namecheap,,,21/09/2026 10:51
37e0d8dc-1106-4c81-8a29-5e08bb8670af,summerset.osaka,available,32.98,41.98,medium,low,9,namecheap,,,18/08/2026 08:29
e927042f-9abe-4cd8-a601-71f6285571cc,fruit.osaka,available,26.97,26.97,high,low,5,dynadot,,,29/09/2026 20:03
dd2c49e0-3754-4a6a-940b-2bb156c892a0,liner.osaka,available,26.97,26.97,high,low,5,dynadot,,,30/09/2026 02:08
3c9d114a-f50e-49a1-86ac-3d168fba027f,vested.osaka,available,32.98,41.98,high,low,6,namecheap,,,13/09/2026 04:49
48505937-7d3b-461b-9ecb-01c6bea04b11,gassy.osaka,available,32.98,41.98,medium,low,5,namecheap,,,12/08/2026 16:36
a10e513c-0b3d-4bd9-ab72-dd1e9d8f1647,successive.osaka,available,32.98,41.98,high,low,10,namecheap,,,10/09/2026 04:29
d714a3b8-93cc-4da0-91ec-a7641e9a6131,dempster.osaka,available,32.98,41.98,medium,low,8,namecheap,,,02/10/2026 07:48
e58aa9ec-1475-4a5d-8d5e-c1118b92fe0c,astro.osaka,available,26.97,26.97,high,medium,5,dynadot,,,29/09/2026 14:36
3b63fdf7-e72d-4c69-8081-7c16690b7794,sum.osaka,available,26.97,26.97,high,low,3,dynadot,,,02/10/2026 06:59
cc5bf3e6-2310-4c21-9547-c90fb91ba212,gainesville.osaka,available,32.98,41.98,high,low,11,namecheap,,,27/09/2026 07:47
585cb134-02c4-4482-a70b-45d0be7a8075,colfax.osaka,available,26.68,26.88,medium,low,6,porkbun,,,30/09/2026 13:56
33df73d4-44a0-4bcc-b766-9648991039b9,hesse.osaka,available,32.98,41.98,high,low,5,namecheap,,,27/09/2026 04:26
81b7f669-c7a2-4762-abd2-88c4ac06cb15,contracted.osaka,available,32.98,41.98,high,low,10,namecheap,,,23/09/2026 22:26
b245acb7-18de-4694-bf55-a1f78493437a,littlefield.osaka,available,32.98,41.98,high,low,11,namecheap,,,30/09/2026 06:06
96603031-4bae-436a-a038-ae525e007d93,voyager.osaka,available,32.98,41.98,high,low,7,namecheap,,,30/09/2026 11:18
030365fd-f320-4054-ad67-631b7c480a6e,negatives.osaka,available,26.68,26.88,low,low,9,porkbun,,,01/10/2026 17:58
f9ab070e-e07a-4bfe-aeff-1551544f9767,finish.osaka,available,32.98,41.98,high,low,6,namecheap,,,08/09/2026 15:33
4f5694b0-0130-4e84-8630-d9aa4ffca185,asa.osaka,available,32.98,41.98,high,low,3,namecheap,,,25/09/2026 12:30
5f96127a-7062-4e45-909e-24ad54c8af18,coast.osaka,available,26.68,26.88,high,low,5,porkbun,,,29/09/2026 10:10
aa2050f0-c714-4471-b998-ade522d453b6,pilar.osaka,available,32.98,41.98,high,medium,5,namecheap,,,08/09/2026 19:37
8b886653-b8a6-4f9c-b68e-261cdf9be088,mogul.osaka,available,32.98,41.98,high,low,5,namecheap,,,23/09/2026 14:17
2989fbaa-0953-4dd9-86ce-852663a90baa,alchemic.osaka,available,32.98,41.98,medium,low,8,namecheap,,,
7c36f322-75e2-4ca9-a423-6123b7f3146d,ovoid.osaka,available,32.98,41.98,medium,low,5,namecheap,,,15/08/2026 18:50
f7044d7f-3bed-4e4a-96ff-9842ec6eb37e,kathryn.osaka,available,39.99,39.99,high,low,7,name.com,,,27/09/2026 07:34
931d4c43-1858-4f51-b83c-9baa955080a6,poking.osaka,available,26.97,26.97,high,low,6,dynadot,,,30/09/2026 10:17
5fb7a586-adf2-4092-ba53-3442d2172645,lae.osaka,available,32.98,41.98,high,low,3,namecheap,,,02/10/2026 18:48
51422110-3e4a-4dd5-bcfa-1d2d4e199f95,attenuator.osaka,available,32.98,41.98,medium,low,10,namecheap,,,21/09/2026 01:34
139c9be1-8db6-4763-b9b4-763ec5138280,hang.osaka,available,32.98,41.98,high,low,4,namecheap,,,28/09/2026 19:01
1208138a-6617-4f61-a16d-1808a891b24b,aleatory.osaka,available,32.98,41.98,medium,low,8,namecheap,,,
62b6b402-aca0-4733-96d4-2ba8f7210786,swaggie.osaka,available,32.98,41.98,medium,low,7,namecheap,,,11/09/2026 05:03
483de4c7-6081-4ee5-b9e6-d9845dbb8e24,boeing.osaka,available,26.97,26.97,high,low,6,dynadot,,,30/09/2026 20:16
fd52c432-d556-413f-ad82-65db3a0489d2,whirlwind.osaka,available,32.98,41.98,high,low,9,namecheap,,,30/09/2026 19:05
9379af95-a021-4297-9c00-9b8d5135925d,pirie.osaka,available,26.68,26.88,medium,low,5,porkbun,,,02/10/2026 20:25
9fe85786-5fcb-495e-b13d-3a15553a0aa1,volunteer.osaka,available,32.98,41.98,high,low,9,namecheap,,,13/09/2026 07:13
19dffd1d-fdb0-4b8b-8e4f-5c8bd46d7a03,tbd.osaka,available,32.98,41.98,high,low,3,namecheap,,,01/10/2026 00:27
913423b2-8950-481b-bbef-decf2917b024,diminish.osaka,available,26.68,26.88,medium,low,8,porkbun,,,01/10/2026 19:13
a1a8e6b3-25c3-42d1-a6a7-0d52b8eacf9b,daria.osaka,available,26.68,26.88,medium,low,5,porkbun,,,03/10/2026 04:49
11f357d7-297e-4047-9d1d-94e3b32c4735,worms.osaka,available,26.97,26.97,medium,low,5,dynadot,,,28/09/2026 03:50
f7a14354-b70c-4754-9f5f-2280adbef591,angelim.osaka,available,32.98,41.98,medium,low,7,namecheap,,,19/09/2026 03:59
c15767d6-7d4b-46ac-a9e4-4bb8d3eddd0c,drinker.osaka,available,32.98,41.98,high,low,7,namecheap,,,01/10/2026 01:48
7495717a-acad-41f5-8874-3c6c6f2bdc36,streak.osaka,available,32.98,41.98,high,low,6,namecheap,,,27/09/2026 11:41
227ccd6c-60f7-425b-b94d-303432a0b60f,braxton.osaka,available,26.97,26.97,medium,low,7,dynadot,,,29/09/2026 11:12
ca0a4ec7-ca22-46bd-94f2-ffa801cb2750,sashay.osaka,available,32.98,41.98,medium,low,6,namecheap,,,11/09/2026 05:14
07708ff9-f528-4e30-a8c4-866b4970cba9,ecg.osaka,available,32.98,41.98,high,low,3,namecheap,,,30/09/2026 00:58
2620e422-2518-4e95-a903-a1ae726b5cfa,membrane.osaka,available,26.68,26.88,high,low,8,porkbun,,,29/09/2026 07:36
7d8ad90b-cfb3-4c4b-bfee-db4541f992c9,bebe.osaka,available,26.68,26.88,high,low,4,porkbun,,,02/10/2026 20:47
4024b859-3302-4400-a4fb-9e1a055bcb7b,ipa.osaka,available,32.98,41.98,high,low,3,namecheap,,,29/09/2026 09:21
8d5f5b2a-10db-4008-99dd-eddaa22de1e8,sylvie.osaka,available,32.98,41.98,high,low,6,namecheap,,,01/10/2026 14:30
8541695e-5c10-4f9b-82ba-581aebd2a925,therefore.osaka,available,32.98,41.98,medium,low,9,namecheap,,,28/09/2026 15:07
a05883f9-0d7c-4263-85b8-56b3876fd067,augustine.osaka,available,32.98,41.98,high,low,9,namecheap,,,21/09/2026 04:01
178f175d-6d4d-47be-8645-61797c90ea47,aloud.osaka,available,32.98,41.98,high,low,5,namecheap,,,25/09/2026 14:25
d27a041c-f9fa-4401-a1b3-a56415ac5627,bontemps.osaka,available,32.98,41.98,high,low,8,namecheap,,,20/09/2026 08:07
8f642f68-8d0c-486f-b692-628af9c47ddd,pudendal.osaka,available,32.98,41.98,medium,low,8,namecheap,,,09/09/2026 05:28
4a2a59e8-6cb7-40fd-81c2-616cfac56b8c,brackish.osaka,available,32.98,41.98,medium,low,8,namecheap,,,11/08/2026 00:43
1b306ccb-9384-498e-a5e8-490c0c39dc29,collapsed.osaka,available,39.99,39.99,low,low,9,name.com,,,20/09/2026 18:10
67f75b04-47ac-43f1-840f-f71794c1fc54,choky.osaka,available,32.98,41.98,medium,low,5,namecheap,,,12/08/2026 06:42
08806386-fd82-43ab-a926-f1ad4437e878,pena.osaka,available,26.97,26.97,medium,low,4,dynadot,,,30/09/2026 13:00
153f8427-08de-47c3-abc1-0e7b246ea845,commuter.osaka,available,32.98,41.98,high,low,8,namecheap,,,24/09/2026 16:39
67043190-48d2-4a2f-8178-23201dac04ce,junior.osaka,available,32.98,41.98,high,low,6,namecheap,,,25/09/2026 12:12
dd9ee95b-e26a-4631-a20c-e7e4f33a09d5,newhall.osaka,available,26.97,26.97,medium,low,7,dynadot,,,02/10/2026 11:10
b64a26d4-42d4-4c5f-a2f1-604f810130a7,dumont.osaka,available,32.98,41.98,medium,low,6,namecheap,,,28/09/2026 11:42
47ae38fb-4baf-4ab8-ad95-1c5307068a47,taint.osaka,available,32.98,41.98,medium,low,5,namecheap,,,24/09/2026 17:39
e8dcb375-d715-4ef7-a890-ef857de02251,jared.osaka,available,32.98,41.98,high,low,5,namecheap,,,27/09/2026 11:10
64b2c046-012d-4e47-8406-1632b44f1b10,unseeing.osaka,available,32.98,41.98,high,medium,8,namecheap,,,10/09/2026 07:57
d31e3c01-e82c-451f-aa30-f50380f517c2,nitrous.osaka,available,32.98,41.98,high,low,7,namecheap,,,08/08/2026 03:03
41f473c1-2a72-48f5-9b6f-7b4a291b72a3,prow.osaka,available,32.98,41.98,medium,low,4,namecheap,,,18/08/2026 11:28
b3ba4c29-32a1-4d92-a69a-2158ce3b7945,freight.osaka,available,26.97,26.97,high,low,7,dynadot,,,01/10/2026 16:25
77be6aa1-0466-4439-86c7-e989a7d5a0e1,keynesian.osaka,available,32.98,41.98,medium,low,9,namecheap,,,22/08/2026 15:46
d1fa95ea-ba89-440c-a23b-2b2cfe81ca5a,accommodating.osaka,available,26.68,26.88,medium,low,13,porkbun,,,30/09/2026 19:15
e08e2d60-daf2-491d-9b1a-6c384eacd574,lxxvii.osaka,available,32.98,41.98,medium,low,6,namecheap,,,
ca68f97a-b381-4940-85f8-9f21ad4bc6a3,reformist.osaka,available,32.98,41.98,high,medium,9,namecheap,,,09/09/2026 12:42
f45ff683-42d5-4d3e-ab08-5f6f9c60980e,southern.osaka,available,26.97,26.97,high,low,8,dynadot,,,27/09/2026 23:59
0c99866d-74c2-4f6e-86ef-5a8b4977913d,debased.osaka,available,32.98,41.98,medium,low,7,namecheap,,,
021604b1-dc2f-469f-a970-7aadcd40262f,majors.osaka,available,32.98,41.98,high,low,6,namecheap,,,23/09/2026 14:46
7111f316-c31b-42c3-80a5-11c63bd819c6,hagerstown.osaka,available,32.98,41.98,high,low,10,namecheap,,,29/09/2026 19:06
56b81180-fee3-4893-941d-d1320df4ce13,ahead.osaka,available,32.98,41.98,high,low,5,namecheap,,,21/09/2026 23:29
9ba286fe-f908-4bec-b572-9031b2f00ac3,strang.osaka,available,32.98,41.98,medium,low,6,namecheap,,,02/10/2026 03:05
67efb1c9-2870-4a7b-8c2b-96df034e3cde,astoria.osaka,available,32.98,41.98,high,low,7,namecheap,,,28/09/2026 04:20
c912bfe1-efa3-45d6-9128-d2cea2c2d0c5,employed.osaka,available,32.98,41.98,high,low,8,namecheap,,,16/08/2026 18:24
5de04271-c8e3-42ef-8ec0-fdabecaf7f7d,linde.osaka,available,26.97,26.97,high,high,5,dynadot,,,01/10/2026 00:27
bba51844-ae37-4282-8a20-756c2d9910bb,walked.osaka,available,32.98,41.98,medium,low,6,namecheap,,,18/09/2026 01:20
c7311179-14f8-4c3e-a9e3-eda54d3badfb,break.osaka,available,32.98,41.98,high,low,5,namecheap,,,22/09/2026 17:01
9200a353-c878-4e26-ad8a-0b91ecbf66c0,opened.osaka,available,32.98,41.98,high,low,6,namecheap,,,04/09/2026 16:13
65a8e8ef-7039-4db7-8d20-dc4538e1b92e,sergeant.osaka,available,26.68,26.88,high,low,8,porkbun,,,28/09/2026 06:37
04839255-9e42-479d-9ab3-02ffb674f00a,airmanship.osaka,available,32.98,41.98,medium,low,10,namecheap,,,17/09/2026 23:16
c10752d9-4d9f-4d3a-b972-bec39bcd4040,canton.osaka,available,32.98,41.98,high,low,6,namecheap,,,23/09/2026 16:10
ed09b1e6-acfe-45ac-ada4-b27a825c5834,livelihood.osaka,available,32.98,41.98,high,low,10,namecheap,,,29/09/2026 00:16
5a188d52-5aa1-4ce0-93d2-07ee3a528223,drummond.osaka,available,32.98,41.98,medium,low,8,namecheap,,,25/09/2026 15:26
45efb27b-5b50-4f63-919b-bd24593912eb,vertebral.osaka,available,32.98,41.98,medium,low,9,namecheap,,,13/09/2026 04:33
3ebcc5a1-2c6c-46d4-9c08-8ce5fea3f0d6,prep.osaka,available,26.97,26.97,high,low,4,dynadot,,,28/09/2026 02:07
466e7665-aeae-4c5c-bd47-d245b914cc0a,steinberg.osaka,available,32.98,41.98,medium,low,9,namecheap,,,28/09/2026 10:52
324dd17c-e24c-4d09-86d7-0ff3a2f3db21,linz.osaka,available,26.68,26.88,high,low,4,porkbun,,,29/09/2026 13:18
275c3a7a-1a3c-4239-b5ad-b48ac03814a2,prayers.osaka,available,32.98,41.98,high,low,7,namecheap,,,18/09/2026 03:21
a6612100-7225-4a80-bbd7-7f3820b983ed,thankless.osaka,available,32.98,41.98,medium,low,9,namecheap,,,11/09/2026 12:28
bc21c71e-2d67-4135-bc9e-cc6ea8294c8e,intersect.osaka,available,26.97,26.97,high,low,9,dynadot,,,02/10/2026 06:45
5bf22198-1382-4a3f-b43e-83eba2821b22,perforated.osaka,available,32.98,41.98,high,low,10,namecheap,,,08/09/2026 16:52
624c9906-9a6e-4656-9512-2b3a4247b7fc,rotc.osaka,available,32.98,41.98,medium,low,4,namecheap,,,29/09/2026 02:02
8a9cd1f2-f2df-4505-99f2-445d6836dfeb,flexing.osaka,available,32.98,41.98,high,low,7,namecheap,,,01/10/2026 22:33
cfc14b76-0ca9-470e-8324-7f7e3fc50ab8,housewives.osaka,available,26.68,26.88,medium,low,10,porkbun,,,30/09/2026 07:09
4c4d9b8a-f46a-4373-ac80-9b9c71bac091,lock.osaka,available,32.98,41.98,high,low,4,namecheap,,,29/09/2026 23:33
1cf43e9b-8d7c-4cb6-891e-b428dbd2cc94,lawsuit.osaka,available,26.97,26.97,high,low,7,dynadot,,,28/09/2026 05:25
2848db37-037a-4571-8cb4-f208f5ed0af0,pvc.osaka,available,26.68,26.88,high,low,3,porkbun,,,29/09/2026 01:51
5d14e32f-3bfa-4b7f-a404-21c6855022ae,rubin.osaka,available,26.97,26.97,high,low,5,dynadot,,,02/10/2026 01:41
a0a8389b-37da-40b1-8b99-dbe41dc3cb0b,three.osaka,available,32.98,41.98,high,low,5,namecheap,,,21/09/2026 13:02
cc09f668-16d3-481b-b327-b648f9a98cf7,underserved.osaka,available,26.68,26.88,high,low,11,porkbun,,,30/09/2026 03:54
b9d0bd4b-616c-457a-9040-b6c40a58c64e,tested.osaka,available,26.68,26.88,high,low,6,porkbun,,,28/09/2026 02:20
7cc1496f-470d-450f-bba5-3c154ca85de2,berg.osaka,available,32.98,41.98,high,low,4,namecheap,,,18/09/2026 02:21
0a0d59a6-93a0-41a5-a3ea-1072c5bba453,cubist.osaka,available,32.98,41.98,high,low,6,namecheap,,,13/08/2026 10:03
d65b11c9-c1ac-4e20-a680-3802bbfb4fb9,slacking.osaka,available,26.68,26.88,medium,low,8,porkbun,,,29/09/2026 20:57
3b229729-7502-49eb-8657-24e0dfd795ed,dynamical.osaka,available,32.98,41.98,high,low,9,namecheap,,,14/08/2026 21:57
23e875d8-5b4f-48e6-93ca-a83805f64027,gritty.osaka,available,32.98,41.98,medium,low,6,namecheap,,,12/08/2026 14:03
2c97f288-f64d-4d2f-9962-90a60a1bf3f3,toulon.osaka,available,32.98,41.98,medium,low,6,namecheap,,,28/09/2026 20:41
449b2a79-765e-4ad8-98ff-8ea423ef263b,concussion.osaka,available,32.98,41.98,high,low,10,namecheap,,,29/09/2026 10:35
27bff0ac-c363-4a0c-b86e-4302c4ae4aea,epicene.osaka,available,32.98,41.98,medium,low,7,namecheap,,,12/08/2026 08:38
65c60d05-a7fd-4ac1-b17a-be327bb6ceeb,backspin.osaka,available,32.98,41.98,high,low,8,namecheap,,,21/09/2026 16:02
930806cd-5e7e-4b3b-8d05-ba1859626b6e,accompanied.osaka,available,26.97,26.97,medium,low,11,dynadot,,,29/09/2026 10:27
82162a2b-38c2-4a6e-a26a-6b56e33fdcc1,fudge.osaka,available,32.98,41.98,high,low,5,namecheap,,,30/09/2026 09:49
32d163d7-db60-41e1-9ded-a7b9a05e8b20,allophone.osaka,available,32.98,41.98,medium,low,9,namecheap,,,18/09/2026 12:02
2222cf62-4790-4085-8213-cfeacafe57dc,radiator.osaka,available,26.68,26.88,high,low,8,porkbun,,,29/09/2026 20:06
821a4bc5-abb8-4e4f-9e32-62c39232acd0,pharma.osaka,available,26.68,26.88,high,low,6,porkbun,,,02/10/2026 04:38
439a06ab-fded-422a-8370-991f5921c892,mindy.osaka,available,26.68,26.88,medium,low,5,porkbun,,,01/10/2026 23:57
0c1fdeac-16ca-4c38-b7fb-02a5af8a0392,arbalist.osaka,available,32.98,41.98,medium,low,8,namecheap,,,20/09/2026 00:35
a5a99693-81f0-44ca-9a05-ce1adb6064ff,tendered.osaka,available,32.98,41.98,medium,low,8,namecheap,,,20/09/2026 16:36
092b8cec-b2f6-4d58-a225-8ca956c97b3a,sweetly.osaka,available,32.98,41.98,high,low,7,namecheap,,,11/09/2026 05:33
616eb133-734e-4e89-9f94-7fcda282d531,amount.osaka,available,32.98,41.98,high,low,6,namecheap,,,29/09/2026 07:57
85dc8807-bd96-4998-b087-1bc199792bc6,object.osaka,available,32.98,41.98,high,low,6,namecheap,,,19/09/2026 05:21
296fbe43-50b8-4cba-9e93-af6d416ced0d,triad.osaka,available,32.98,41.98,high,low,5,namecheap,,,
2c7437cd-6442-4236-aaab-dda8e290ffd3,ionic.osaka,available,32.98,41.98,high,low,5,namecheap,,,22/08/2026 09:29
928efdf8-9d6a-4b5b-8921-6242cdf444cf,quadrilateral.osaka,available,26.68,26.88,medium,low,13,porkbun,,,30/09/2026 19:15
01c6f682-f015-4582-8c52-a9f03200576f,delos.osaka,available,32.98,41.98,high,low,5,namecheap,,,01/10/2026 23:44
079cf472-084d-415c-9f57-a5f6f0da2a5e,comte.osaka,available,32.98,41.98,high,low,5,namecheap,,,21/09/2026 03:56
5751c3e7-5519-4fa2-8c72-aa412e581b7f,tryst.osaka,available,32.98,41.98,high,low,5,namecheap,,,20/09/2026 16:22
7746df93-f776-4533-8191-14fdb92742e4,spear.osaka,available,26.97,26.97,medium,low,5,dynadot,,,28/09/2026 09:46
a8883df5-9ed1-4ae7-9e83-3b5e904b4a97,stem.osaka,available,32.98,41.98,high,low,4,namecheap,,,18/08/2026 11:29
6a7f7924-f6d4-4e26-9e3b-f758e19dd7d0,lucullan.osaka,available,32.98,41.98,medium,low,8,namecheap,,,24/08/2026 11:00
209f3bff-6855-42f0-845a-291318cab0d6,wills.osaka,available,26.68,26.88,medium,low,5,porkbun,,,29/09/2026 03:50
31f98e5c-2155-4247-a4c5-0e36f75af713,screenshots.osaka,available,32.98,41.98,medium,low,11,namecheap,,,20/09/2026 11:10
3df660a1-a2bc-4951-851e-1a8aa4a03813,shrub.osaka,available,32.98,41.98,high,low,5,namecheap,,,23/09/2026 11:56
483120a7-d388-4187-8feb-0b849979e3b8,ambystoma.osaka,available,32.98,41.98,medium,low,9,namecheap,,,18/09/2026 17:36
9f76207a-6ef0-45fd-aa65-ae9fc4f20cdd,snoek.osaka,available,32.98,41.98,medium,low,5,namecheap,,,22/09/2026 07:53
fb395a9f-7c71-497e-a5d4-b559252cf9b9,exceed.osaka,available,32.98,41.98,high,low,6,namecheap,,,11/09/2026 17:21
86a92f17-29b8-4413-86f4-d6ea7fff67b3,that.osaka,available,26.97,26.97,high,medium,4,dynadot,,,30/09/2026 22:10
3f681daf-1d12-4b50-930c-4d69cd9f71d0,gestural.osaka,available,32.98,41.98,medium,low,8,namecheap,,,18/08/2026 22:57
e4f05783-a5e8-4698-8bfe-c434a8239e5c,willie.osaka,available,32.98,41.98,medium,low,6,namecheap,,,25/09/2026 11:47
0b9dd24f-4df3-41a4-898f-035bfa2d784b,folksy.osaka,available,32.98,41.98,medium,low,6,namecheap,,,13/08/2026 04:22
343aa4cb-a620-4998-b8a7-73f13cbe9006,relaxed.osaka,available,32.98,41.98,high,low,7,namecheap,,,09/09/2026 13:24
eaa855e4-8f37-43dc-a3b9-df21522db5b8,lata.osaka,available,26.68,26.88,high,low,4,porkbun,,,30/09/2026 12:49
a6e394bc-c511-4cc0-8879-d4d01704409b,posthumous.osaka,available,32.98,41.98,medium,low,10,namecheap,,,09/09/2026 00:25
c7e7e775-60fe-46c4-8f58-5a99069afb83,pencils.osaka,available,32.98,41.98,medium,low,7,namecheap,,,20/09/2026 08:42
2999f320-5175-4330-85cc-998b4a7ebf30,glooming.osaka,available,32.98,41.98,medium,low,8,namecheap,,,20/08/2026 14:41
f2323257-b223-4aba-a9f8-fb91cf1a0e56,bedrest.osaka,available,32.98,41.98,high,low,7,namecheap,,,22/09/2026 23:03
71f7c187-dd08-47f2-bb1a-f82d2237b206,fiery.osaka,available,32.98,41.98,high,low,5,namecheap,,,06/08/2026 16:24
db51d370-dab6-4803-b7a9-57713fe86e4a,has.osaka,available,39.99,,high,low,3,name.com,,,
9e2f9704-7e7a-45b7-89c7-f97219104a8a,hodgson.osaka,available,26.68,26.88,medium,low,7,porkbun,,,28/09/2026 04:09
2f6a08ed-2d0c-44f1-a534-6fabc4c3bcfa,snl.osaka,available,26.68,26.88,high,low,3,porkbun,,,02/10/2026 19:24
f839b24d-7bcb-4b81-a98f-6132eae8d960,losing.osaka,available,32.98,41.98,high,low,6,namecheap,,,25/09/2026 11:49
8125ac8e-b71e-4ca0-8ba7-374694f41db1,bent.osaka,available,32.98,41.98,medium,low,4,namecheap,,,09/08/2026 14:16
05395f8b-8d3f-47ed-a510-72d412db29af,daggett.osaka,available,32.98,41.98,medium,low,7,namecheap,,,02/10/2026 00:55
892671ee-f28d-4c53-9451-3faa75595c2b,antiques.osaka,available,26.97,26.97,medium,low,8,dynadot,,,29/09/2026 10:31
57bdbf27-3bba-4c61-9bee-77582db04ecb,ardea.osaka,available,32.98,41.98,medium,low,5,namecheap,,,20/09/2026 03:04
290f9fad-1675-4712-930f-d73ae74c871c,suva.osaka,available,26.68,26.88,medium,low,4,porkbun,,,02/10/2026 06:31
f60d08f6-3a71-45c2-946f-4cdecb5344d4,counterparts.osaka,available,26.68,26.88,low,low,12,porkbun,,,02/10/2026 13:55
6e605714-e9cf-46ad-94f2-6ed0ec6d6855,agenesis.osaka,available,32.98,41.98,medium,low,8,namecheap,,,17/09/2026 17:08
21b89b1a-b04a-4f7d-8bdb-c5752bbcfc5d,aranea.osaka,available,32.98,41.98,medium,low,6,namecheap,,,20/09/2026 00:00
09bec92e-9f01-4f21-bffe-822a267ef338,nihilistic.osaka,available,32.98,41.98,medium,low,10,namecheap,,,03/09/2026 17:24
55e290b6-3eaa-4fdb-9579-6d34c5949a0f,hvac.osaka,available,26.97,26.97,high,low,4,dynadot,,,30/09/2026 23:38
90044652-13ed-4e08-93bb-ba2c96f6a2d6,consultation.osaka,available,26.68,26.88,high,low,12,porkbun,,,29/09/2026 22:42
423336d5-679c-400b-96e7-33463cbdefea,cognisant.osaka,available,32.98,41.98,medium,low,9,namecheap,,,08/08/2026 00:18
40c89290-9e99-4d6b-8774-0dcfd84699ee,dina.osaka,available,26.97,26.97,high,low,4,dynadot,,,29/09/2026 15:21
48898960-7784-4cfc-9f57-d5aca0f64dc7,drippage.osaka,available,32.98,41.98,medium,low,8,namecheap,,,14/09/2026 14:34
124e562a-d8b9-43c7-a7cb-9a324cefb667,esr.osaka,available,26.97,26.97,high,low,3,dynadot,,,02/10/2026 04:42
5c43aac6-6678-477a-bf86-402053dba401,atheneum.osaka,available,32.98,41.98,high,low,8,namecheap,,,20/09/2026 20:41
d9e46757-3b51-4854-841a-4b78750e0477,raisins.osaka,available,26.97,26.97,medium,low,7,dynadot,,,02/10/2026 02:55
79ff1cb6-e4f5-4842-8089-97cf43762421,leven.osaka,available,26.68,26.88,medium,low,5,porkbun,,,01/10/2026 22:22
7376448b-f3d1-489d-84b8-a538f58583bd,verifying.osaka,available,32.98,41.98,high,low,9,namecheap,,,12/08/2026 20:56
4c0e017b-0c23-4e83-b797-f02e838079a5,browns.osaka,available,32.98,41.98,medium,low,6,namecheap,,,30/09/2026 00:26
38d32e23-c396-4ece-bfd7-968891c96bea,ballista.osaka,available,32.98,41.98,medium,low,8,namecheap,,,20/09/2026 00:35
ee3e8e73-5efa-4041-a3fd-d97ba46e3ddf,grad.osaka,available,32.98,41.98,high,low,4,namecheap,,,20/08/2026 17:53
2a7bc5ac-0ab0-4c6c-9d6c-1b75dccc8af5,downstream.osaka,available,32.98,41.98,high,low,10,namecheap,,,14/08/2026 17:59
b6813118-c238-49fb-98be-542ac5c39656,chimeric.osaka,available,32.98,41.98,medium,low,8,namecheap,,,12/08/2026 05:37
57466c15-5ce3-4d99-bc93-8d5e0915cecf,sordid.osaka,available,32.98,41.98,medium,low,6,namecheap,,,10/09/2026 14:29
07879ad2-32bc-496f-8883-bda788a443ab,calves.osaka,available,26.97,26.97,medium,low,6,dynadot,,,29/09/2026 23:18
8b215f15-6ec3-427a-a304-8f2fea6fee06,chemnitz.osaka,available,26.68,26.88,medium,low,8,porkbun,,,02/10/2026 23:59
8cfc84d4-9386-42b4-95d5-8e661a87bc27,scenes.osaka,available,32.98,41.98,medium,low,6,namecheap,,,18/09/2026 15:27
34b92c11-3bab-48f6-a4dd-42c623ab9699,shia.osaka,available,32.98,41.98,medium,low,4,namecheap,,,29/09/2026 02:12
ffd976cd-2da4-4ccb-b80c-b65226140a00,madera.osaka,available,32.98,41.98,medium,low,6,namecheap,,,30/09/2026 12:25
256bc86f-ffe9-4931-b2cb-f1bc2d810273,eighties.osaka,available,32.98,41.98,high,low,8,namecheap,,,16/09/2026 12:00
90fa06b5-c288-4b2f-91f3-224b2ee1a1c3,combed.osaka,available,32.98,41.98,medium,low,6,namecheap,,,12/08/2026 18:33
2655e532-0259-4dd7-8ad2-f0adea786f60,overtly.osaka,available,32.98,41.98,medium,low,7,namecheap,,,15/09/2026 18:31
407ea18e-6431-4385-919e-edd7e77431e8,likewise.osaka,available,32.98,41.98,high,low,8,namecheap,,,22/09/2026 00:06
257bb36c-aeac-4910-9b61-fb4bf3e34213,arrive.osaka,available,26.68,26.88,high,low,6,porkbun,,,30/09/2026 15:20
65c68d8d-401d-40a8-98b4-7c4359eb13df,foregone.osaka,available,32.98,41.98,medium,low,8,namecheap,,,11/08/2026 12:10
815afbef-c658-4860-96f9-ecbc92ccd4d6,regard.osaka,available,32.98,41.98,high,low,6,namecheap,,,08/09/2026 11:00
fd2e1d1b-28ba-4d16-9e3e-61861c027bbe,declan.osaka,available,32.98,41.98,high,low,6,namecheap,,,02/10/2026 00:13
a849b449-f670-48ac-8d62-0f6a9d913784,vagabond.osaka,available,32.98,41.98,high,low,8,namecheap,,,14/08/2026 19:16
0d463302-03c1-4634-8270-cdfe7d6bb31c,coughing.osaka,available,26.97,26.97,medium,low,8,dynadot,,,29/09/2026 18:29
066b2863-8808-494d-8b47-62e662997244,rave.osaka,available,32.98,41.98,high,low,4,namecheap,,,29/09/2026 13:10
fa8802f7-ca5d-45d5-8d5d-826bf079abb0,agiotage.osaka,available,32.98,41.98,medium,low,8,namecheap,,,17/09/2026 18:03
988eafbc-c45a-4f67-8f7b-43524383ead8,baluster.osaka,available,32.98,41.98,medium,low,8,namecheap,,,22/09/2026 00:22
5d153a3e-1e49-4e18-bb9d-f23efe0308be,tyre.osaka,available,26.97,26.97,high,low,4,dynadot,,,29/09/2026 08:11
ab3362ef-b9ab-41ee-8c58-d9697d1ee93d,unanimous.osaka,available,32.98,41.98,high,low,9,namecheap,,,12/08/2026 22:33
efbbc5fe-5960-43fc-868f-f0543823acad,underworld.osaka,available,26.97,26.97,medium,low,10,dynadot,,,28/09/2026 10:32
d3945bd5-6f6a-44e6-bef0-9d097e195a13,rosemary.osaka,available,26.97,26.97,high,low,8,dynadot,,,28/09/2026 10:51
2b256c1d-23a8-49ee-b0c0-fc5a56d46c78,inured.osaka,available,32.98,41.98,medium,low,6,namecheap,,,17/08/2026 10:01
d7bead86-90dd-47ca-8916-1d6f73080e65,wax.osaka,available,32.98,41.98,high,low,3,namecheap,,,30/09/2026 14:39
0790a7fe-0eba-4bf0-88e0-dc925063b0a5,repeatedly.osaka,available,32.98,41.98,medium,low,10,namecheap,,,15/09/2026 23:12
aac5bb26-8bef-4185-a555-1460c16ccd49,gyroscopic.osaka,available,32.98,41.98,medium,low,10,namecheap,,,20/08/2026 21:21
ced7644e-d791-4015-bec8-c168a5b58ba4,builder.osaka,available,26.68,26.88,high,low,7,porkbun,,,29/09/2026 05:12
1c05c370-1442-4fab-b344-61510babe352,obstacles.osaka,available,26.97,26.97,low,low,9,dynadot,,,29/09/2026 05:04
0cd1c5fc-b919-485a-a07d-7ebb79d7ebc6,stick.osaka,available,26.97,26.97,high,low,5,dynadot,,,29/09/2026 00:24
569102b2-10f2-43bf-902c-1dac4bd1661d,kilometer.osaka,available,26.68,26.88,high,low,9,porkbun,,,30/09/2026 01:33
eda920a4-b1fe-463b-8f7c-fcc37a1ff456,arawak.osaka,available,32.98,41.98,high,low,6,namecheap,,,06/08/2026 12:38
74eb5b28-8c5a-418b-9861-468f968b0d5d,pavement.osaka,available,26.68,26.88,high,low,8,porkbun,,,29/09/2026 07:50
a5643e9f-8e14-41f3-be08-5f4a1669b1c7,rusty.osaka,available,32.98,41.98,high,low,5,namecheap,,,04/09/2026 18:46
c5a73854-4180-4f2c-8e13-c02eb7a6b103,middlemost.osaka,available,32.98,41.98,medium,low,10,namecheap,,,24/08/2026 22:27
8daed292-93e1-427a-8e52-0c0e349c2723,gain.osaka,available,32.98,41.98,high,low,4,namecheap,,,23/09/2026 07:57
db25ab46-5c8d-497e-9f64-923f75b3f0e5,honorary.osaka,available,32.98,41.98,high,low,8,namecheap,,,21/08/2026 13:29
f7fdfe8b-eca4-466f-acd4-8fbf03e67bae,impure.osaka,available,32.98,41.98,medium,low,6,namecheap,,,21/08/2026 23:30
bebccb55-2242-4670-bb9c-cfea57d37594,spite.osaka,available,32.98,41.98,high,low,5,namecheap,,,23/09/2026 22:22
0c1399ce-1eff-41f4-a091-44a34fafaef4,harvested.osaka,available,26.97,26.97,medium,low,9,dynadot,,,01/10/2026 14:36
8ecdf63e-de24-4eac-884c-941c21c4819f,phosphorus.osaka,available,32.98,41.98,medium,low,10,namecheap,,,20/09/2026 22:25
adffc050-65de-4ea8-b718-8cc291f4efad,pierced.osaka,available,32.98,41.98,high,low,7,namecheap,,,08/09/2026 16:50
b59e9feb-f4b5-4b3b-835c-929a3a6453a2,rooting.osaka,available,26.68,26.88,high,low,7,porkbun,,,02/10/2026 06:17
9bc7b2a5-6e0f-4d74-b427-077d5c56b69e,azote.osaka,available,39.99,39.99,medium,low,5,name.com,,,21/09/2026 11:27
9d5f77de-9dfb-441c-b5e5-11db8a722eec,bambino.osaka,available,32.98,41.98,high,low,7,namecheap,,,22/09/2026 00:39
9cf8494e-a4ce-4082-9ab1-14a7390f82c6,discal.osaka,available,26.68,26.88,medium,low,6,porkbun,,,30/09/2026 04:23
b0d61196-b895-4fe3-8153-e0c15ef717c9,maze.osaka,available,26.68,26.88,high,low,4,porkbun,,,30/09/2026 01:52
797826be-5ed2-452f-b2e5-311ae489e4cb,whatsoever.osaka,available,32.98,41.98,medium,low,10,namecheap,,,22/09/2026 06:59
03457158-0788-48b1-baf0-ffbc9a03287f,unexpectedly.osaka,available,26.97,26.97,medium,low,12,dynadot,,,29/09/2026 03:10
0cd08744-39b8-4575-bfcd-133f47080a6b,rams.osaka,available,26.68,26.88,high,low,4,porkbun,,,30/09/2026 20:33
e7ef0d50-8cfe-451f-b55b-a83c49df8b16,enrolled.osaka,available,26.97,26.97,medium,low,8,dynadot,,,29/09/2026 10:33
cfd1d9c4-b832-41a2-be0a-91203a92eaed,ruling.osaka,available,32.98,41.98,high,medium,6,namecheap,,,09/09/2026 12:58
cc6854aa-7808-4235-90bf-cbdae7c95bfa,altar.osaka,available,32.98,41.98,high,low,5,namecheap,,,18/09/2026 14:32
ab81f85d-c2fd-4dde-b5b4-baf83f0366d6,keeler.osaka,available,26.68,26.88,medium,low,6,porkbun,,,03/10/2026 03:59
a60f4308-2782-45f6-9af9-fabc2bcb60ba,barnsley.osaka,available,26.97,26.97,medium,low,8,dynadot,,,30/09/2026 15:02
fe42d642-1fad-47ce-bcb1-7f4a7c5332c4,baptism.osaka,available,32.98,41.98,high,low,7,namecheap,,,22/09/2026 03:27
033087a2-c558-4c57-818a-69920e6062e7,imperative.osaka,available,32.98,41.98,high,low,10,namecheap,,,08/09/2026 04:44
51910c1b-5b95-4ac8-8539-8cf0fba97a1f,rand.osaka,available,32.98,41.98,high,low,4,namecheap,,,21/09/2026 10:39
ae1ec76f-3491-4436-8064-0e18be9123e2,averages.osaka,available,26.68,26.88,medium,low,8,porkbun,,,01/10/2026 00:38
66de790d-5e34-48fa-ad81-da6bd2c6f801,peppy.osaka,available,32.98,41.98,high,low,5,namecheap,,,08/09/2026 15:44
76544b1d-059e-4853-842f-932af8755218,shocking.osaka,available,32.98,41.98,medium,low,8,namecheap,,,24/09/2026 11:12
e9199466-690a-4d8b-b84b-390db083b461,maculate.osaka,available,32.98,41.98,medium,low,8,namecheap,,,13/08/2026 23:26
2b76af89-0788-401e-aa5e-9258fea34432,hopeful.osaka,available,32.98,41.98,high,low,7,namecheap,,,22/09/2026 09:48
4d8ca830-0173-4c27-b1dd-98911d44704b,rip.osaka,available,32.98,41.98,high,low,3,namecheap,,,27/09/2026 07:10
510783e7-45e9-46ce-85d3-8f6c3b874a4f,precolumbian.osaka,available,26.68,26.88,medium,low,13,porkbun,,,02/10/2026 21:03
35279e5d-e212-4dfe-92fc-a048be150fe1,malicious.osaka,available,32.98,41.98,medium,low,9,namecheap,,,24/08/2026 14:02
3301c912-9b9d-48e1-85da-94b5ff335263,entree.osaka,available,32.98,41.98,high,low,6,namecheap,,,16/09/2026 22:08
ad062b15-7190-4bb3-87d0-221c397c3490,sequel.osaka,available,26.68,26.88,high,low,6,porkbun,,,30/09/2026 10:57
f916e773-67ea-4bc9-95fe-0742c9956b75,thespian.osaka,available,32.98,41.98,high,low,8,namecheap,,,11/09/2026 13:05
7ebb52d7-c962-4b08-82a5-18de475d81e4,monash.osaka,available,26.97,26.97,high,medium,6,dynadot,,,01/10/2026 10:54
49822995-e502-4a8f-a752-751ef56c71d8,awaiting.osaka,available,26.68,26.88,low,low,8,porkbun,,,28/09/2026 17:49
ff6c35f2-89b9-4922-8096-8c89c61afa53,robyn.osaka,available,26.68,26.88,high,low,5,porkbun,,,29/09/2026 22:07
34485ae2-be2c-43a2-9f30-aa34d26d4a8f,hattie.osaka,available,32.98,41.98,medium,low,6,namecheap,,,29/09/2026 09:38
9a97e438-8fda-4e6d-9d79-69c81ce96a4e,dis.osaka,available,32.98,41.98,high,low,3,namecheap,,,24/09/2026 22:25
2564acc2-f4e5-4e8d-b8f5-506d4d00089f,thirdly.osaka,available,32.98,41.98,medium,low,7,namecheap,,,11/09/2026 13:39
f57204aa-f798-48ac-b262-74a2807c2959,georges.osaka,available,39.99,39.99,medium,low,7,name.com,,,25/09/2026 15:05
5fe436d6-9eab-4daf-985a-9ab63a01ded5,recognizing.osaka,available,26.68,26.88,medium,low,11,porkbun,,,30/09/2026 23:30
364d07c1-bee8-4668-a3e2-a1359ca65665,barberry.osaka,available,32.98,41.98,medium,low,8,namecheap,,,22/09/2026 04:51
2a382f4a-b07b-438e-abe2-28238700eddc,mancini.osaka,available,32.98,41.98,high,low,7,namecheap,,,30/09/2026 13:51
cb56e2ec-86c1-4053-9eeb-ec2a6e64a749,gibbous.osaka,available,32.98,41.98,medium,low,7,namecheap,,,13/08/2026 07:44
1a49f863-9ada-4658-8f4c-2430fe80903f,embryonic.osaka,available,32.98,41.98,medium,low,9,namecheap,,,16/08/2026 13:28
84fd26c2-8ec7-4c18-a4d1-6b48e63f2fda,venetian.osaka,available,32.98,41.98,high,low,8,namecheap,,,13/09/2026 02:02
e5993f87-ee09-463b-9116-059e37b84319,loser.osaka,available,32.98,41.98,medium,low,5,namecheap,,,18/09/2026 14:19
c7c03b4a-4f3e-4c16-854b-ae3490854eaa,hanger.osaka,available,32.98,41.98,high,low,6,namecheap,,,29/09/2026 22:02
bdfe5288-1ee8-4919-abea-17d19bbf6311,photographers.osaka,available,32.98,41.98,medium,low,13,namecheap,,,19/09/2026 22:58
03d66749-11dd-4cdf-91ef-b96ee56df190,warehouse.osaka,available,39.99,39.99,high,low,9,name.com,,,27/09/2026 06:03
705eed15-1bf9-44a6-ae02-43c220489e1c,palestine.osaka,available,32.98,41.98,high,high,9,namecheap,,,29/09/2026 06:21
d2394101-ff78-41c8-b202-eaa4968fe678,anabaptist.osaka,available,32.98,41.98,medium,low,10,namecheap,,,19/09/2026 00:49
875bce58-5601-4b82-8e65-61335e4a89b8,concealed.osaka,available,32.98,41.98,high,low,9,namecheap,,,23/09/2026 18:33
ece550c9-19c3-4e1d-97a4-91c1eaa0414a,coolidge.osaka,available,32.98,41.98,high,low,8,namecheap,,,02/10/2026 04:13
a5e1bb07-7a91-4411-b045-d7fca2d676ef,knock.osaka,available,32.98,41.98,high,low,5,namecheap,,,27/09/2026 03:49
ea23b4b5-6daa-4a6b-8081-00a528f30faf,seamy.osaka,available,32.98,41.98,medium,low,5,namecheap,,,10/09/2026 00:49
7a927c61-9b89-45ba-8ebd-d1f0753d1e49,bader.osaka,available,26.68,26.88,high,low,5,porkbun,,,29/09/2026 21:34
f914a2cd-1b82-499a-b3c1-49a0f8da5b15,runty.osaka,available,32.98,41.98,high,medium,5,namecheap,,,08/09/2026 19:54
7eccaaec-3310-4a24-8fd0-e9f664621216,diplomatic.osaka,available,32.98,41.98,high,low,10,namecheap,,,24/09/2026 10:36
a7f621a0-6f9a-4081-b4c2-4476329b9f43,autochthon.osaka,available,39.99,39.99,medium,low,10,name.com,,,21/09/2026 06:02
1c10c2b9-82c0-420d-9661-ea98396e18f4,coordination.osaka,available,26.68,26.88,high,low,12,porkbun,,,01/10/2026 16:03
000700ec-3e16-4b1a-ae47-954ad7dacdab,accordion.osaka,available,32.98,41.98,high,low,9,namecheap,,,16/09/2026 23:02
5fee1472-cc2e-4a8e-87af-9e8373b018e7,supervisor.osaka,available,32.98,41.98,high,low,10,namecheap,,,29/09/2026 18:27
fe285fca-9ed9-45b3-8b36-e1ca8310ba7a,gladys.osaka,available,32.98,41.98,medium,low,6,namecheap,,,26/09/2026 03:41
3922f1fb-006e-47b3-9357-2b341d19148a,spotlight.osaka,available,32.98,41.98,high,high,9,namecheap,,,28/09/2026 09:48
a4ddca64-4b1a-4699-b798-1dcc9c3c4e6c,noi.osaka,available,32.98,41.98,high,low,3,namecheap,,,29/09/2026 21:37
bcd7dcd0-4fa6-4e3f-871d-86640b824d63,lowell.osaka,available,32.98,41.98,high,low,6,namecheap,,,16/09/2026 14:32
3454b78f-387f-4ec9-87cf-cc4aae832073,cozy.osaka,available,32.98,41.98,high,low,4,namecheap,,,24/09/2026 00:21
1ebde2bb-ca9b-4ed1-8ab8-aa663882817d,flute.osaka,available,26.97,26.97,high,low,5,dynadot,,,28/09/2026 13:41
a07570db-205f-47ec-ac5f-b7ed086f17d1,irksome.osaka,available,32.98,41.98,medium,low,7,namecheap,,,10/08/2026 20:01
473d4e9a-8c24-408c-b4c7-a6b66b4c34bb,academe.osaka,available,32.98,41.98,high,low,7,namecheap,,,16/09/2026 20:22
1ccf4409-10ca-4d35-af62-4e8efdbfabe2,dipped.osaka,available,32.98,41.98,medium,low,6,namecheap,,,14/08/2026 08:30
00ff45ac-abb8-49b1-83d4-4757dfffebb8,rhenium.osaka,available,32.98,41.98,medium,low,7,namecheap,,,20/09/2026 23:48
eb7c845e-5c1d-49ce-b75f-cd5877b0ec00,immunology.osaka,available,32.98,41.98,high,low,10,namecheap,,,30/09/2026 01:58
53619ba4-179b-4fb2-8a9d-2469e9ac9ba8,happiness.osaka,available,32.98,41.98,high,low,9,namecheap,,,29/09/2026 22:08
ad74ee6f-bd34-4fca-ac97-fabda5493a2d,loos.osaka,available,32.98,41.98,medium,low,4,namecheap,,,17/09/2026 09:32
d7a20964-797f-4680-808a-5d3c256bb04c,parts.osaka,available,32.98,41.98,high,low,5,namecheap,,,25/09/2026 09:47
1bad11dd-dcc7-4e16-a569-896f75524081,biosafety.osaka,available,32.98,41.98,high,low,9,namecheap,,,23/09/2026 18:56
ca9a260b-d567-435d-ac3a-f1a29683c290,idf.osaka,available,32.98,41.98,medium,low,3,namecheap,,,28/09/2026 14:30
2b9c8035-b62c-4229-8715-d604d806260f,flyaway.osaka,available,32.98,41.98,medium,low,7,namecheap,,,18/08/2026 08:13
cd06764b-daa4-45c4-9b8b-081cab2d250d,motherfukker.osaka,available,26.68,26.88,medium,low,12,porkbun,,,02/10/2026 05:05
20da9620-a65c-4af6-8321-620a0574bd9a,responses.osaka,available,26.97,26.97,medium,low,9,dynadot,,,29/09/2026 17:29
78082d1c-e72f-4d81-a8ec-a2de3aaa4ccb,pamphlets.osaka,available,32.98,41.98,medium,low,9,namecheap,,,01/10/2026 00:17
da1dec3b-f416-4963-a836-dd8a5860c926,moravia.osaka,available,32.98,41.98,medium,low,7,namecheap,,,28/09/2026 19:54
c304aa49-2edf-4a11-b358-0820ee0ee465,betel.osaka,available,32.98,41.98,medium,low,5,namecheap,,,23/09/2026 11:05
aef3ba12-dd52-49ab-8e74-32955f011e2e,shoveler.osaka,available,32.98,41.98,medium,low,8,namecheap,,,19/09/2026 02:54
62de43b2-faee-409b-9526-7cc1b6d916ce,marijuana.osaka,available,26.68,26.88,high,low,9,porkbun,,,29/09/2026 07:08
05177c87-f4aa-45d7-8539-90a5332d9084,flows.osaka,available,26.97,26.97,medium,low,5,dynadot,,,28/09/2026 22:43
67394f78-8154-4108-ab97-df09cf9f7631,boleyn.osaka,available,32.98,41.98,medium,low,6,namecheap,,,19/09/2026 10:12
661e929e-e9e2-4347-be2a-3d5e062f751e,nesting.osaka,available,26.97,26.97,high,low,7,dynadot,,,01/10/2026 07:46
532f7c56-5c61-4c89-8f15-7f0e819446b8,landlocked.osaka,available,32.98,41.98,medium,low,10,namecheap,,,22/08/2026 19:26
6f337b9f-9525-4908-9ffb-706251401449,restless.osaka,available,32.98,41.98,high,low,8,namecheap,,,27/09/2026 12:53
05c5a140-c980-4a88-822a-039e7b79658c,bison.osaka,available,32.98,41.98,high,low,5,namecheap,,,23/09/2026 22:04
ae427aaf-2cf4-4e92-be6e-10c55beb0d80,acerose.osaka,available,32.98,41.98,medium,low,7,namecheap,,,
c2a9c517-9573-4ca2-b6a3-6ed47c304ae3,shepherds.osaka,available,26.97,26.97,high,low,9,dynadot,,,02/10/2026 12:36
ced20ade-ed69-40dc-a581-feb0b7f19dcd,crusher.osaka,available,26.97,26.97,high,low,7,dynadot,,,03/10/2026 00:22
b90e3a83-600d-4009-b7a2-fde8981eee8c,fordham.osaka,available,32.98,41.98,medium,low,7,namecheap,,,27/09/2026 07:54
ca07ff0f-7bf4-46df-8000-a383c8d0d224,tomatoes.osaka,available,26.97,26.97,medium,low,8,dynadot,,,28/09/2026 12:33
17d58a7e-f372-4019-8cce-d2b7870e31d9,syrian.osaka,available,32.98,41.98,high,low,6,namecheap,,,11/09/2026 06:43
37df83f0-85ec-42b9-bed1-6eeabf0d4d19,launched.osaka,available,32.98,41.98,high,low,8,namecheap,,,18/09/2026 13:03
ff029100-fc5e-475f-9a41-51bad8704aad,overlooked.osaka,available,32.98,41.98,medium,low,10,namecheap,,,04/09/2026 21:04
ce7c9740-cfb2-44b1-b3f9-5e836c00856f,perfection.osaka,available,32.98,41.98,high,low,10,namecheap,,,22/09/2026 22:03
76c49aee-a25f-4b15-8d4f-3a7dd5cc6cea,competed.osaka,available,32.98,41.98,medium,low,8,namecheap,,,02/10/2026 23:24
15820113-525d-41e1-b1dd-e41c8a50c84c,throngs.osaka,available,32.98,41.98,medium,low,7,namecheap,,,20/09/2026 14:21
3c657c3c-76cf-4091-8c14-6ba093c02d2d,sliced.osaka,available,32.98,41.98,high,low,6,namecheap,,,23/09/2026 14:26
68e1a333-7268-40e8-9b08-4a7e4e81314c,quicksand.osaka,available,32.98,41.98,high,low,9,namecheap,,,03/10/2026 01:52
8c83bb77-6a77-4069-929a-3af2c1bba803,agendum.osaka,available,32.98,41.98,medium,low,7,namecheap,,,17/09/2026 17:05
293b97c1-bc32-4bc7-8ae1-2d127c995f0e,decompression.osaka,available,32.98,41.98,medium,low,13,namecheap,,,02/10/2026 01:28
18246d4f-9ed4-4ba1-b9cb-a3d54881493d,scandinavian.osaka,available,26.68,26.88,high,low,12,porkbun,,,30/09/2026 19:16
50c36136-8f7b-475f-a83b-31f5da93a6c4,bikers.osaka,available,32.98,41.98,high,low,6,namecheap,,,23/09/2026 15:36
5481507f-9ecb-43f8-9564-4dbfd1fc194d,simplex.osaka,available,32.98,41.98,high,medium,7,namecheap,,,10/09/2026 08:15
e941a2d7-39c3-4b7c-ae32-ae8f24adee24,sunderland.osaka,available,32.98,41.98,high,low,10,namecheap,,,28/09/2026 03:08
3ba89fbe-37fa-460b-a313-0b7a4936bdbc,foe.osaka,available,26.97,26.97,medium,low,3,dynadot,,,29/09/2026 18:55
52c1ea34-ff57-4730-b36d-24ab3c937612,turku.osaka,available,32.98,41.98,high,low,5,namecheap,,,30/09/2026 20:48
6fabe876-b430-4737-9465-da3bdc4a6cf3,kicked.osaka,available,32.98,41.98,medium,low,6,namecheap,,,25/09/2026 19:40
2814932a-2f62-407b-a504-925e4a3b1302,huge.osaka,available,32.98,41.98,high,low,4,namecheap,,,25/09/2026 06:09
6e9d5837-03dd-4dff-afed-cf87335fefb3,wakefield.osaka,available,32.98,41.98,high,low,9,namecheap,,,25/09/2026 12:26
d925051a-0088-42a2-a5f5-d3caf74a18f7,sot.osaka,available,32.98,41.98,medium,low,3,namecheap,,,14/08/2026 20:22
35884220-758f-42e3-9c42-44cfa9b66b54,elbow.osaka,available,32.98,41.98,high,low,5,namecheap,,,20/09/2026 11:23
7b42a2f0-022d-45dd-9f1d-73abaa744341,atop.osaka,available,26.97,26.97,medium,low,4,dynadot,,,28/09/2026 13:10
00c9998d-ee99-4ef4-a8b9-0060e52c6434,tai.osaka,available,32.98,41.98,high,low,3,namecheap,,,10/09/2026 07:25
3cb3df26-3de0-4db9-8ae2-b4fb6624c151,dictation.osaka,available,32.98,41.98,high,low,9,namecheap,,,23/09/2026 13:35
51fa8fe1-681b-421c-a19c-6bb0d676054d,properly.osaka,available,32.98,41.98,medium,low,8,namecheap,,,13/08/2026 21:12
a569e83e-6044-44fb-8e8d-f02d092fdef2,accounts.osaka,available,32.98,41.98,medium,low,8,namecheap,,,18/09/2026 16:24
b0714000-8e27-4435-b99a-939382521c12,pistols.osaka,available,26.97,26.97,medium,low,7,dynadot,,,29/09/2026 11:19
a23882b4-8a9b-4f3d-8cfe-4c9f015b006c,trial.osaka,available,26.97,26.97,high,low,5,dynadot,,,30/09/2026 13:04
1daa28c0-04db-4afe-bc52-419e301a1535,angelology.osaka,available,32.98,41.98,medium,low,10,namecheap,,,19/09/2026 06:02
4629373d-1d99-4184-8546-d06eee2916f1,portray.osaka,available,32.98,41.98,high,low,7,namecheap,,,30/09/2026 11:22
6fb62b3a-63f3-4d3a-b5b3-135666bfccac,facilitation.osaka,available,32.98,41.98,high,low,12,namecheap,,,17/09/2026 01:02
c56fd0cd-7ade-48ff-9c75-5ee315bcf7eb,perplex.osaka,available,32.98,41.98,high,low,7,namecheap,,,21/09/2026 17:26
d9359517-d21c-4603-bccd-408a18043c7b,monoclonal.osaka,available,32.98,41.98,medium,low,10,namecheap,,,19/09/2026 05:27
c5512be1-6f55-4a30-ab11-e07fac05abb6,raphael.osaka,available,26.97,26.97,high,low,7,dynadot,,,29/09/2026 13:44
b153194f-d438-43f4-906b-53a4f2859794,suppressed.osaka,available,32.98,41.98,high,medium,10,namecheap,,,10/09/2026 12:14
cc4e9fe3-e0ab-43fe-9996-784544e3dc80,mcmahon.osaka,available,32.98,41.98,high,low,7,namecheap,,,25/09/2026 21:50
75ef0009-2d47-4c1c-9d74-0b5ccf9761a0,rewardful.osaka,available,32.98,41.98,medium,low,9,namecheap,,,09/09/2026 16:27
78f866bc-2dc5-499c-abfa-2f72588aecb3,defied.osaka,available,32.98,41.98,medium,low,6,namecheap,,,02/10/2026 23:06
e773eb18-ea39-47c2-92e6-e7c0c0af75c9,phone.osaka,available,32.98,41.98,high,low,5,namecheap,,,29/09/2026 17:28
08446bd4-b93c-43f7-97fc-697ec7a62ae2,enthusiastic.osaka,available,32.98,41.98,high,low,12,namecheap,,,28/09/2026 11:14
8e095f3b-e45c-41e2-936b-f44164efeb34,favorable.osaka,available,32.98,41.98,high,low,9,namecheap,,,24/09/2026 17:21
c331d1dd-c2bd-4a02-9356-9899aa508de4,aralia.osaka,available,32.98,41.98,medium,low,6,namecheap,,,19/09/2026 23:52
14988cd7-7055-4cf2-8a9d-87f08e7921ac,pair.osaka,available,32.98,41.98,high,low,4,namecheap,,,29/09/2026 11:49
9e1de8a3-3d0d-4db4-9999-908d5f4875b0,vcr.osaka,available,32.98,41.98,high,low,3,namecheap,,,02/10/2026 06:38
517fafe8-cbc7-4cce-ae2c-06f9bd57fda2,bangkok.osaka,available,32.98,41.98,high,low,7,namecheap,,,22/09/2026 01:48
c85e663f-7e51-457e-b8d3-76d6bd5c2310,tinkling.osaka,available,32.98,41.98,medium,low,8,namecheap,,,11/09/2026 16:13
c3a1db4f-0c4f-44b7-845e-ac5f7bf9016f,aids.osaka,available,32.98,41.98,medium,low,4,namecheap,,,28/09/2026 17:52
244c25fe-638a-40d0-ae44-c39f1950ba0f,dsl.osaka,available,26.68,26.88,high,low,3,porkbun,,,01/10/2026 01:45
c65ecaa0-439b-4a2d-80a5-90c4e22e4367,calculus.osaka,available,32.98,41.98,high,low,8,namecheap,,,30/09/2026 00:56
930df268-4771-409d-8bf8-149ab22e22e9,mastermind.osaka,available,32.98,41.98,high,low,10,namecheap,,,01/10/2026 18:48
0c0a73f8-6a43-4645-8f21-eb885fdbd48e,arced.osaka,available,32.98,41.98,medium,low,5,namecheap,,,06/08/2026 14:28
51b479f8-2a68-483e-8e60-451100e233a2,defects.osaka,available,26.97,26.97,medium,low,7,dynadot,,,30/09/2026 07:05
88746c90-6878-41ae-8cc2-365aa8e2a1e7,ignitable.osaka,available,32.98,41.98,medium,low,9,namecheap,,,11/08/2026 10:46
bf2f4ea6-8404-48f1-bb54-aacb1ae69793,aimless.osaka,available,32.98,41.98,medium,low,7,namecheap,,,
627a8294-b800-4771-8e67-325d3bed6e65,benchmark.osaka,available,32.98,41.98,high,low,9,namecheap,,,23/09/2026 07:38
2e101c92-da85-4320-b593-61b56508d598,tippy.osaka,available,32.98,41.98,medium,low,5,namecheap,,,13/08/2026 04:55
80f0c3b6-659e-4533-8de8-e9865a38ea04,twenties.osaka,available,32.98,41.98,high,low,8,namecheap,,,16/09/2026 12:09
dfa1eea7-d6a5-4bd9-bfb1-519a49e6552d,enlighten.osaka,available,26.68,26.88,high,low,9,porkbun,,,30/09/2026 18:09
98241341-e9e3-4bc6-96b0-d91d8e97326d,servicemen.osaka,available,32.98,41.98,medium,low,10,namecheap,,,02/10/2026 12:09
3a3a511b-fdb0-4c92-ba6f-368c8d5ee963,kris.osaka,available,26.68,26.88,high,medium,4,porkbun,,,30/09/2026 09:17
965354b1-5279-45cb-9da4-1b0a681928c2,knots.osaka,available,32.98,41.98,medium,low,5,namecheap,,,28/09/2026 08:23
21fbc8f9-b5b7-4bc4-a84b-da08532999c3,dav.osaka,available,26.97,26.97,high,low,3,dynadot,,,02/10/2026 08:12
a23eb4fc-42c0-48e1-bb23-e8a4dbffb4b6,tomlinson.osaka,available,32.98,41.98,medium,low,9,namecheap,,,28/09/2026 12:15
07120de1-ca7b-4f12-89b7-08e60bc10a0f,antipodean.osaka,available,32.98,41.98,medium,low,10,namecheap,,,
606ebdb7-b4ef-4454-ad4b-8b81c90cfdea,agrestic.osaka,available,32.98,41.98,medium,low,8,namecheap,,,
6dc255c5-511f-4a86-a899-757c243d7407,ballot.osaka,available,32.98,41.98,high,low,6,namecheap,,,21/09/2026 23:15
f3900ead-0cb2-4669-be79-e277129c5be0,absorber.osaka,available,32.98,41.98,high,low,8,namecheap,,,16/09/2026 18:17
27760134-7cf1-4c8d-a61c-1d04db8ecdd8,thu.osaka,available,32.98,41.98,medium,low,3,namecheap,,,30/09/2026 19:35
5acfc729-5e26-412f-9bcd-b1977d2a6b40,banjo.osaka,available,32.98,41.98,high,low,5,namecheap,,,22/09/2026 02:11
7513fefc-2b22-414a-adf3-9a3186d4e473,prophet.osaka,available,32.98,41.98,high,low,7,namecheap,,,28/09/2026 02:52
99a679a4-7d58-45e6-b2c3-f9f12b6474d2,saar.osaka,available,26.97,26.97,high,low,4,dynadot,,,30/09/2026 05:11
4d8c17da-e3b4-45b4-bb4d-e4735e14ea95,henderson.osaka,available,32.98,41.98,high,low,9,namecheap,,,25/09/2026 19:30
9ba69c88-cdaa-4f56-8e68-392db4f28d05,hanson.osaka,available,32.98,41.98,high,low,6,namecheap,,,25/09/2026 13:05
4bf7ec7d-2d86-42e0-8dcf-a3330e761ddb,synagogue.osaka,available,26.68,26.88,high,low,9,porkbun,,,30/09/2026 11:08
cc6bc941-2fa3-44e9-ab9a-9e6a96bf4b7e,farber.osaka,available,32.98,41.98,medium,low,6,namecheap,,,30/09/2026 21:50
57d9c2b7-b8ca-4998-a0f5-17a5aef58e96,rory.osaka,available,26.68,26.88,high,low,4,porkbun,,,28/09/2026 03:38
ba15b02b-0069-4ca3-9566-4c00a365baaa,sentient.osaka,available,32.98,41.98,high,medium,8,namecheap,,,10/09/2026 03:52
f9560ade-4d35-4297-81b1-0d84e9d3bd17,woodsy.osaka,available,32.98,41.98,high,low,6,namecheap,,,06/08/2026 13:04
e8019669-1109-4dae-b4f8-439c5078f65f,impairment.osaka,available,39.99,39.99,medium,low,10,name.com,,,13/08/2026 19:25
009276d6-6f37-407c-a07a-dd59f8081d49,foundling.osaka,available,32.98,41.98,medium,low,9,namecheap,,,16/09/2026 13:56
a0b70582-6035-4e39-8fb5-2c26342fe6f7,unravel.osaka,available,26.97,26.97,high,low,7,dynadot,,,02/10/2026 16:30
5897eea6-a647-4a2c-b0ec-dda4949c0021,nevada.osaka,available,32.98,41.98,high,low,6,namecheap,,,29/09/2026 01:35
b5d303ca-cc8a-42dc-b62d-446f590bf257,wrinkly.osaka,available,32.98,41.98,medium,low,7,namecheap,,,13/09/2026 13:47
f31dcf4d-f814-4c46-82f2-1eb3a9a2da4a,composition.osaka,available,26.97,26.97,medium,low,11,dynadot,,,28/09/2026 22:45
cc7a635a-e667-4685-a43e-022f457dea18,alabaster.osaka,available,32.98,41.98,high,low,9,namecheap,,,
e0d70cd9-eab5-4328-9c93-a2528c10696c,dandily.osaka,available,32.98,41.98,medium,low,7,namecheap,,,14/09/2026 10:33
d411f31c-c6bc-4a1c-b69c-4f9e180e55ca,contents.osaka,available,32.98,41.98,high,low,8,namecheap,,,29/09/2026 11:23
ffeb7eda-f212-40b4-bc11-e6b68300941a,views.osaka,available,32.98,41.98,high,low,5,namecheap,,,16/09/2026 22:00
0594252a-b2a4-41c1-946a-8d48ad3bce0f,intervene.osaka,available,32.98,41.98,high,low,9,namecheap,,,29/09/2026 08:23
a4ea06dd-2720-4a9d-96d6-996683c40611,asphyxia.osaka,available,32.98,41.98,medium,low,8,namecheap,,,20/09/2026 15:10
ceabf8a6-4311-43c8-b13c-52bd80483582,mouthfeel.osaka,available,39.99,,medium,low,10,name.com,,,
862499e1-d18f-49fa-8aab-057a11176277,langdon.osaka,available,26.97,26.97,medium,low,7,dynadot,,,28/09/2026 16:35
78defeab-5bd4-4c8b-b7ba-64d553190648,sindh.osaka,available,26.97,26.97,high,low,5,dynadot,,,30/09/2026 13:12
d96295dc-9916-40a5-b0be-ed9c22214a72,durga.osaka,available,26.97,26.97,high,low,5,dynadot,,,01/10/2026 01:49
1c12d756-4db2-4167-9eff-ffba247eebb9,accessed.osaka,available,26.68,26.88,medium,low,8,porkbun,,,29/09/2026 16:22
8c2519d6-d38e-46ef-9b7f-52360289f23b,taipeh.osaka,available,32.98,41.98,medium,low,6,namecheap,,,24/09/2026 12:26
7f4c61f9-e0e3-4ebb-a778-6ff494b2303d,lilith.osaka,available,26.97,26.97,high,low,6,dynadot,,,03/10/2026 01:29
33091b9e-3443-46eb-9f22-9b270f15433a,listeners.osaka,available,26.97,26.97,medium,low,9,dynadot,,,29/09/2026 17:43
dd6d787e-e6c7-47ca-a66e-00ded3a18fc9,gears.osaka,available,39.99,,medium,low,5,name.com,,,
4d465367-7f3b-4248-ba20-27cacf6902fe,neutrality.osaka,available,26.68,26.88,high,low,10,porkbun,,,29/09/2026 15:55
42b8e606-50c7-43b5-b985-bd13299420d3,patch.osaka,available,32.98,41.98,high,medium,5,namecheap,,,22/09/2026 00:53
b2e2b85a-09e5-457f-b4de-4d3ccc229b17,transferring.osaka,available,32.98,41.98,high,low,12,namecheap,,,28/09/2026 16:00
cb31354a-81b2-41a9-82d5-a89a4473f871,sapid.osaka,available,32.98,41.98,medium,low,5,namecheap,,,18/08/2026 07:14
6f7785cc-715c-4c83-857d-4801b6962581,autoclave.osaka,available,32.98,41.98,medium,low,9,namecheap,,,21/09/2026 06:03
ca992775-d5e2-47e7-8bf1-f50414cbfb42,dps.osaka,available,32.98,41.98,high,low,3,namecheap,,,01/10/2026 07:57
10496bd6-5406-4dcc-ad62-ab064a8a8afe,sleep.osaka,available,32.98,41.98,high,medium,5,namecheap,,,25/09/2026 05:45
e43a1126-fe0b-4067-acbd-3333424954c5,bile.osaka,available,32.98,41.98,medium,low,4,namecheap,,,23/09/2026 15:41
3b8ac8ce-8712-4fba-91f4-ffcf0d4a4e14,perfumed.osaka,available,32.98,41.98,high,low,8,namecheap,,,08/09/2026 16:58
58c00930-da9a-41d6-bb1e-53aa8ed318bf,ditches.osaka,available,26.97,26.97,medium,low,7,dynadot,,,02/10/2026 03:20
d35d4917-0bf8-4624-80c1-1ad48f2bc15d,spurting.osaka,available,32.98,41.98,medium,low,8,namecheap,,,22/08/2026 13:13
428ad26b-b91a-4899-9f1d-cfaa514bcf03,colleagues.osaka,available,32.98,41.98,medium,low,10,namecheap,,,18/09/2026 23:15
2a94e71b-1c81-477a-a677-124e1a225b13,spacing.osaka,available,26.97,26.97,high,low,7,dynadot,,,30/09/2026 18:47
07c2443e-2a16-4c03-9879-efd7adcfae5b,casablanca.osaka,available,32.98,41.98,high,low,10,namecheap,,,30/09/2026 01:00
d86257c5-2e39-4999-81c1-c04ae94d4c87,sadistic.osaka,available,32.98,41.98,high,medium,8,namecheap,,,09/09/2026 20:44
a9abf5a2-1fba-424a-9a1e-1a0e900ca1c1,intention.osaka,available,32.98,41.98,high,low,9,namecheap,,,22/08/2026 07:55
7f813bf8-d988-4fb1-9c03-b1118aacaf55,mahmud.osaka,available,32.98,41.98,medium,low,6,namecheap,,,28/09/2026 22:18
0519c0c8-3e35-4beb-8ea7-7d692486964f,sprucely.osaka,available,32.98,41.98,medium,low,8,namecheap,,,15/09/2026 15:17
ed90cb8b-01a5-45a1-8499-5da55724d3dc,ignores.osaka,available,32.98,41.98,low,low,7,namecheap,,,02/10/2026 03:56
45178cf6-b968-4279-926f-f85e82d539ee,modification.osaka,available,26.68,26.88,high,low,12,porkbun,,,29/09/2026 22:49
63d57a16-f92e-4def-b1cd-17708368eb7e,cabrera.osaka,available,26.97,26.97,medium,low,7,dynadot,,,29/09/2026 09:57
da87bf17-8d0f-4098-af5c-fb2cf5b9e8bc,mobiles.osaka,available,32.98,41.98,medium,low,7,namecheap,,,20/09/2026 08:45
cf033e47-8952-4521-897f-caccdb6f348f,muhlenberg.osaka,available,32.98,41.98,medium,low,10,namecheap,,,02/10/2026 01:03
2078f4d6-f525-419c-a7dc-cda133a72c09,replace.osaka,available,26.97,26.97,high,low,7,dynadot,,,28/09/2026 01:47
b22de791-85d0-4bc1-9193-93121ea657f7,possessive.osaka,available,32.98,41.98,medium,low,10,namecheap,,,18/08/2026 21:44
3df7433d-3b6e-423d-8677-2a8e65f0b84d,burdensome.osaka,available,32.98,41.98,medium,low,10,namecheap,,,11/08/2026 10:29
73ee2315-d595-458e-b052-70edf52472ba,equanimity.osaka,available,32.98,41.98,high,low,10,namecheap,,,11/08/2026 14:58
8e764fd0-9a6e-4d37-9632-8d3c1cf0473b,excision.osaka,available,32.98,41.98,medium,low,8,namecheap,,,16/09/2026 16:06
906736ea-a1c6-4fa0-b2a6-fc133ad6a69f,millimeters.osaka,available,32.98,41.98,medium,low,11,namecheap,,,02/10/2026 23:28
bb5ee8de-f330-4ab3-b0b9-697f3227f9d2,cove.osaka,available,32.98,41.98,high,low,4,namecheap,,,24/09/2026 18:51
e3dfa83a-a913-4be0-b115-e2f7485fd9f8,selangor.osaka,available,26.97,26.97,medium,low,8,dynadot,,,30/09/2026 20:45
c99c4402-a4e9-448c-a953-04464aca0584,stitch.osaka,available,32.98,41.98,high,low,6,namecheap,,,28/09/2026 06:46
ef372975-2bff-46bb-9e0c-906c2332bca5,longfellow.osaka,available,26.97,26.97,medium,low,10,dynadot,,,29/09/2026 01:16
16562064-76e5-4a82-a62f-aeeecd48fe6f,shaanxi.osaka,available,26.68,26.88,high,low,7,porkbun,,,30/09/2026 13:24
eb9bb546-96f9-4da7-b8f8-a344be2fb157,liturgical.osaka,available,32.98,41.98,medium,low,10,namecheap,,,24/08/2026 07:40
cf2f340a-5713-4d53-84ca-21d7a6819cba,strident.osaka,available,32.98,41.98,medium,low,8,namecheap,,,12/08/2026 09:19
6218cfb1-ce89-4d1e-b797-065ceae17afc,abacus.osaka,available,39.99,39.99,high,low,6,name.com,,,16/09/2026 13:45
70fa5929-e551-454a-bbb8-f1b02269f80a,whack.osaka,available,26.97,26.97,high,low,5,dynadot,,,01/10/2026 22:02
58b0dbd2-46b5-43bc-9268-c763bf98b9d2,command.osaka,available,32.98,41.98,high,low,7,namecheap,,,23/09/2026 13:28
78c505da-6e64-40c0-8226-ca0fba1d0774,flock.osaka,available,32.98,41.98,high,low,5,namecheap,,,25/08/2026 00:21
a5b6d5d7-15ae-4943-82f1-fbc1027488fc,validation.osaka,available,26.97,26.97,high,low,10,dynadot,,,30/09/2026 19:08
abde6ad1-2545-4f3e-b7f6-413c3ff33a21,dill.osaka,available,39.99,39.99,high,low,4,name.com,,,19/09/2026 05:36
c1e471ad-ca97-4226-8a5f-d22ea1af95b5,kamikaze.osaka,available,32.98,41.98,high,low,8,namecheap,,,30/09/2026 01:08
22242fcf-bb10-41ef-b490-91f8f5335c14,dodds.osaka,available,26.97,26.97,medium,low,5,dynadot,,,30/09/2026 05:40
5044b403-c646-447e-8a62-3648cd7b47da,eng.osaka,available,26.97,26.97,high,low,3,dynadot,,,02/10/2026 06:49
abd87761-9163-4030-b4cb-02cd2ae341fb,unpleasant.osaka,available,32.98,41.98,medium,low,10,namecheap,,,12/09/2026 16:58
76173af1-b206-4e3d-8d0f-595d0147b267,altruist.osaka,available,26.97,26.97,high,low,8,dynadot,,,28/09/2026 20:46
cf17e018-a954-45f3-af81-66adeaa704d7,ormond.osaka,available,32.98,41.98,medium,low,6,namecheap,,,29/09/2026 15:48
63a6b9d2-f94d-4935-afd9-221e317f150f,faecal.osaka,available,32.98,41.98,medium,low,6,namecheap,,,17/08/2026 20:36
12ec6c8d-db12-4149-8bc1-6af1065f6d48,canberra.osaka,available,32.98,41.98,high,low,8,namecheap,,,21/09/2026 04:47
dcfd2ca8-2710-4764-b588-47c34f29c36b,involving.osaka,available,26.97,26.97,medium,low,9,dynadot,,,02/10/2026 21:56
26b0982c-501a-4d8f-b6e1-587fd5ea5409,cablevision.osaka,available,26.97,26.97,high,low,11,dynadot,,,02/10/2026 11:42
a62931db-978a-43e3-88dd-b4abf2add237,dwight.osaka,available,32.98,41.98,medium,low,6,namecheap,,,28/09/2026 07:54
1ce371ec-ecf0-4a31-a9a6-ce4fdb915aee,atmosphere.osaka,available,32.98,41.98,high,low,10,namecheap,,,18/09/2026 16:39
9e5aa531-d149-4571-9956-522522f77698,ferry.osaka,available,26.68,26.88,high,low,5,porkbun,,,28/09/2026 05:42
32c32381-0b4e-4985-ad12-a61fd2352d97,join.osaka,available,26.97,26.97,high,medium,4,dynadot,,,30/09/2026 00:53
f1816821-1e53-4857-832e-6dfbcf71df64,abaxial.osaka,available,32.98,41.98,medium,low,7,namecheap,,,
a11e260b-971f-40c6-9026-51f3fada79a1,prodigally.osaka,available,32.98,41.98,low,low,10,namecheap,,,15/09/2026 21:38
73335df3-d162-4627-9a8c-35ae5eb5b791,implausible.osaka,available,32.98,41.98,medium,low,11,namecheap,,,01/10/2026 09:12
5f3810f6-b6b6-4195-9cff-34d0e67f1c49,assessed.osaka,available,26.68,26.88,medium,low,8,porkbun,,,01/10/2026 00:03
cd48092d-916c-4764-ad9c-137302c3c65e,cigarettes.osaka,available,32.98,41.98,medium,low,10,namecheap,,,25/09/2026 21:29
c9e698f3-f7f5-4e7b-bae4-048f9f28a449,instead.osaka,available,32.98,41.98,medium,low,7,namecheap,,,28/09/2026 12:08
7e7e8427-beba-4594-ad37-9c3af6963d3f,marcia.osaka,available,26.97,26.97,high,low,6,dynadot,,,28/09/2026 03:56
c883ce0d-61c9-4466-91e0-96fae2e3c959,treaty.osaka,available,32.98,41.98,high,low,6,namecheap,,,28/09/2026 10:39
36598749-5192-4bc8-a022-b0084e82da13,sauvignon.osaka,available,32.98,41.98,medium,low,9,namecheap,,,01/10/2026 07:01
9be2d8e2-b138-4271-bf7a-5cabf0816a50,motorised.osaka,available,32.98,41.98,medium,low,9,namecheap,,,25/08/2026 08:28
b0d76eac-3360-4b06-bd52-8586951becd8,eleazar.osaka,available,26.68,26.88,medium,low,7,porkbun,,,02/10/2026 09:32
57a9cb6a-2a0c-41b2-9db9-741aeb7ade5c,plotted.osaka,available,32.98,41.98,high,low,7,namecheap,,,21/09/2026 22:10
968bec08-3762-42b4-af0c-1a28f908852e,kennedy.osaka,available,32.98,41.98,high,low,7,namecheap,,,25/09/2026 23:14
bf22403b-1af4-4cff-9a95-e965b4a417c9,carbonyl.osaka,available,32.98,41.98,medium,low,8,namecheap,,,11/08/2026 18:41
547ed06a-1e89-484f-8ee9-2e7d8e7d7d2c,rejected.osaka,available,39.99,39.99,medium,low,8,name.com,,,25/09/2026 11:50
2140c25f-94b8-4119-9c3f-904b4d98fafb,strengthened.osaka,available,26.97,26.97,high,low,12,dynadot,,,02/10/2026 22:26
67033b97-9874-4ac4-8d6a-0e594841a6a0,recusant.osaka,available,32.98,41.98,medium,low,8,namecheap,,,14/08/2026 12:28
f7e4e7f8-5a9e-4497-a472-9b965188a742,gordon.osaka,available,32.98,41.98,high,low,6,namecheap,,,25/09/2026 11:43
d8e4167a-92d8-4ecd-b757-6469307dfec4,committed.osaka,available,32.98,41.98,high,low,9,namecheap,,,23/09/2026 15:46
16d64d2d-9e51-4135-b576-5f27bf82cb0e,ports.osaka,available,32.98,41.98,high,low,5,namecheap,,,29/09/2026 09:54
db9b163a-dc3b-470d-aa2e-4c129912a468,motor.osaka,available,32.98,41.98,high,low,5,namecheap,,,25/09/2026 21:51
26a540d6-cd16-4261-97b6-83e9a5c2797f,ernst.osaka,available,32.98,41.98,high,low,5,namecheap,,,25/09/2026 05:39
52ed5c32-bce7-48ae-b440-d4186ef527c3,budge.osaka,available,26.68,26.88,medium,low,5,porkbun,,,30/09/2026 16:30
a57d98aa-41fc-4f0f-8b96-9721d8be6cd1,starter.osaka,available,32.98,41.98,high,low,7,namecheap,,,24/09/2026 19:47
06587012-a844-4026-a516-a3ba172cd151,outbred.osaka,available,32.98,41.98,medium,low,7,namecheap,,,04/09/2026 19:03
9802ebd8-cf6d-4a4f-8a1a-0c29848a952c,carthage.osaka,available,32.98,41.98,medium,low,8,namecheap,,,25/09/2026 04:02
019c80b2-8112-4fda-b9c4-e312dd50c613,sna.osaka,available,32.98,41.98,high,low,3,namecheap,,,02/10/2026 19:04
30a8fb6f-86c2-4048-891f-946fa047aee3,inside.osaka,available,32.98,41.98,high,low,6,namecheap,,,25/09/2026 09:46
8922a25b-f10c-4e24-9403-3e26a58c81ff,mimic.osaka,available,32.98,41.98,high,low,5,namecheap,,,24/08/2026 23:29
432e00fa-a1c1-45f8-93de-c3418f50e98d,omega.osaka,available,26.68,26.88,high,high,5,porkbun,,,30/09/2026 06:07
9c7c9d4c-a213-4725-8396-f5ca2de65af2,dynamic.osaka,available,32.98,41.98,high,low,7,namecheap,,,24/09/2026 12:41
b03fdc2a-da95-4cb8-80ff-7fcd8225e7ef,elevation.osaka,available,32.98,41.98,high,low,9,namecheap,,,24/08/2026 20:49
0b23b49f-b657-4808-a499-081988c42fdf,wool.osaka,available,32.98,41.98,high,low,4,namecheap,,,28/09/2026 10:46
3a860453-f465-4d4c-8820-61497a6bab35,olympics.osaka,available,26.97,26.97,high,low,8,dynadot,,,30/09/2026 06:06
2b3f0c3b-f832-4d65-b325-2fde052b0cb6,unplayable.osaka,available,32.98,41.98,medium,low,10,namecheap,,,12/09/2026 16:54
54c95c28-1a7f-43b0-ba86-b72784e0d174,actual.osaka,available,32.98,41.98,high,low,6,namecheap,,,21/09/2026 16:37
2538f231-aa8b-4549-be55-5b56d7c137df,antics.osaka,available,32.98,41.98,medium,low,6,namecheap,,,02/10/2026 12:58
3272a390-f660-4034-a697-f7b2f3d94e8b,jammed.osaka,available,32.98,41.98,medium,low,6,namecheap,,,22/08/2026 12:07
5b916005-bf74-42bd-80cd-361184c59cfa,pornographic.osaka,available,26.97,26.97,medium,low,12,dynadot,,,29/09/2026 20:53
d7c2c027-8954-40e7-b9ce-5e8aa43d0d74,pod.osaka,available,32.98,41.98,high,medium,3,namecheap,,,12/08/2026 15:05
e2c84715-5e69-43e0-bed3-e82a9c971e58,charging.osaka,available,26.97,26.97,high,low,8,dynadot,,,28/09/2026 04:40
93e867df-aa99-4542-a660-cdd3ec79ad6a,obscenity.osaka,available,32.98,41.98,high,low,9,namecheap,,,22/09/2026 16:47
49ca4789-5140-4e3c-984f-168c559541aa,deadly.osaka,available,32.98,41.98,medium,low,6,namecheap,,,22/09/2026 16:43
7c31d884-bb7b-43f0-9ba6-c4c8b8aa1741,clinging.osaka,available,26.97,26.97,medium,low,8,dynadot,,,30/09/2026 19:49
4b48ef47-c504-48fd-b8b4-95d5e1acb3ef,keating.osaka,available,32.98,41.98,high,low,7,namecheap,,,27/09/2026 08:01
fd16f0dd-4d82-4379-9ad6-f88eb4424bdb,bethesda.osaka,available,32.98,41.98,high,low,8,namecheap,,,01/10/2026 23:20
0890a3e0-19f3-4e72-96fc-d1914d827f61,freeman.osaka,available,32.98,41.98,high,low,7,namecheap,,,30/09/2026 09:45
5e09eda2-61d0-49af-8db1-dbb815c36f18,ipo.osaka,available,26.97,26.97,high,low,3,dynadot,,,29/09/2026 01:21
0aaee41e-0267-4f66-82c5-bc614a80642a,telugu.osaka,available,26.97,26.97,high,low,6,dynadot,,,29/09/2026 20:30
356bdbfa-5def-4664-83f3-d8bc83c4e831,aristocracy.osaka,available,32.98,41.98,high,low,11,namecheap,,,30/09/2026 14:25
82b79b33-16fc-49ec-9167-4a61738a0bad,resole.osaka,available,32.98,41.98,medium,low,6,namecheap,,,10/09/2026 13:33
b32c5742-eff3-439a-85b9-d3032807c689,beaches.osaka,available,32.98,41.98,high,low,7,namecheap,,,20/09/2026 07:25
3500d015-142f-4fd7-a267-65683e0a460c,level.osaka,available,32.98,41.98,high,medium,5,namecheap,,,24/09/2026 15:32
2453bf6b-c4e5-4329-865b-990ba1688ba0,lila.osaka,available,26.97,26.97,high,low,4,dynadot,,,30/09/2026 21:26
e6696363-4abc-4826-988a-93084018ff5c,charnel.osaka,available,32.98,41.98,medium,low,7,namecheap,,,12/08/2026 02:37
ffab6e2d-1b9f-4bb3-ac6f-3f176a14a939,laughable.osaka,available,32.98,41.98,high,low,9,namecheap,,,23/09/2026 15:25
aa2ca1db-17e6-4c95-a946-fe789fe39b3f,lizzie.osaka,available,26.68,26.88,high,low,6,porkbun,,,28/09/2026 11:45
cf1a391e-e31f-4d00-8cda-8b35b9d0a62f,discussions.osaka,available,32.98,41.98,medium,low,11,namecheap,,,29/09/2026 16:36
dd04defe-6354-481e-ab83-80b812632a39,fleshy.osaka,available,32.98,41.98,medium,low,6,namecheap,,,18/08/2026 08:02
eb96774f-946b-4a8e-a37a-dc370b295b69,halo.osaka,available,26.97,26.97,high,medium,4,dynadot,,,28/09/2026 21:17
eb635fa7-85a4-403b-8e38-c24cdfc31a56,attar.osaka,available,32.98,41.98,medium,low,5,namecheap,,,20/09/2026 19:21
70b9647c-7107-4162-83f8-88c9826e5473,bio.osaka,available,26.97,26.97,high,medium,3,dynadot,,,30/09/2026 21:51
208732a6-c40c-4c6d-b4c6-e065edfc7fd7,jeep.osaka,available,26.68,26.88,high,medium,4,porkbun,,,30/09/2026 00:45
21bd4558-dac3-4653-a490-82e5d6682540,crying.osaka,available,32.98,41.98,high,low,6,namecheap,,,24/09/2026 02:20
2037cebc-ee8a-4c07-8bc6-0abbb646934f,upcoming.osaka,available,32.98,41.98,high,low,8,namecheap,,,06/08/2026 08:39
74c2562f-53d9-49ed-b905-6268dfdd67eb,adjourned.osaka,available,26.97,26.97,medium,low,9,dynadot,,,29/09/2026 08:57
1698a11a-5cb4-4b24-ae1f-455dc7cede14,bold.osaka,available,32.98,41.98,high,medium,4,namecheap,,,22/09/2026 23:09
5ce5278c-8ffb-4ddd-a009-f29d2f30a676,tabitha.osaka,available,26.97,26.97,medium,low,7,dynadot,,,02/10/2026 19:46
2b288a3b-6579-45b7-bb80-efcdbf9411bb,motivate.osaka,available,32.98,41.98,high,low,8,namecheap,,,27/09/2026 07:34
d22ff0ad-e07e-43db-8416-682da0559d5d,domitian.osaka,available,26.97,26.97,high,low,8,dynadot,,,02/10/2026 14:51
cd7c6e8f-8072-4c15-a637-e40612f5f68d,dorsum.osaka,available,32.98,41.98,medium,low,6,namecheap,,,08/08/2026 05:12
addf700f-687a-4151-aec0-e3bb240d1191,sodomy.osaka,available,39.99,39.99,medium,low,6,name.com,,,19/09/2026 01:34
7220a24b-7e8e-4c6e-975b-9cc13845ff2f,huddersfield.osaka,available,26.68,26.88,medium,low,12,porkbun,,,30/09/2026 04:49
c9460794-5daa-4944-892b-0e85f218d0c0,christi.osaka,available,32.98,41.98,medium,low,7,namecheap,,,25/09/2026 21:26
432f906e-bab3-4704-899f-f04aa3df97b0,aci.osaka,available,32.98,41.98,high,low,3,namecheap,,,01/10/2026 16:49
cfa81280-91f5-486a-9465-bee702ed1768,toilets.osaka,available,26.97,26.97,low,low,7,dynadot,,,28/09/2026 23:58
1a9c3a1b-1337-4d87-ab34-f7f11c8f0fd9,chiefs.osaka,available,32.98,41.98,medium,low,6,namecheap,,,18/09/2026 03:19
d2196c0d-b5c1-491d-8968-5a27f4a69f3a,overbold.osaka,available,32.98,41.98,medium,low,8,namecheap,,,04/09/2026 20:21
27a0173d-54ad-4bfb-bad5-c363e3a3c0f2,stroke.osaka,available,32.98,41.98,high,low,6,namecheap,,,28/09/2026 21:42